pc_time_s,seq,t_us,ecg_adc,lo_plus,lo_minus,lead_off
0.0069,5504,55271542,2583,0,0,0
0.0158,5505,55281542,2640,0,0,0
0.0260,5506,55291543,2582,0,0,0
0.0358,5507,55301543,2640,0,0,0
0.0458,5508,55311543,2559,0,0,0
0.0562,5509,55321542,2640,0,0,0
0.0658,5510,55331542,2583,0,0,0
0.0758,5511,55341542,2635,0,0,0
0.0871,5512,55351542,2581,0,0,0
0.1237,5513,55361543,2631,0,0,0
0.1254,5514,55371543,2595,0,0,0
0.1274,5515,55381543,2636,0,0,0
0.1282,5516,55391543,2596,0,0,0
0.1439,5517,55401543,2633,0,0,0
0.1469,5518,55411543,2600,0,0,0
0.1580,5519,55421543,2631,0,0,0
0.1668,5520,55431543,2593,0,0,0
0.1903,5521,55441543,2624,0,0,0
0.1911,5522,55451543,2592,0,0,0
0.2026,5523,55461543,2631,0,0,0
0.2101,5524,55471543,2608,0,0,0
0.2200,5525,55481543,2630,0,0,0
0.2273,5526,55491543,2608,0,0,0
0.2445,5527,55501543,2621,0,0,0
0.2565,5528,55511543,2597,0,0,0
0.2568,5529,55521543,2621,0,0,0
0.2677,5530,55531543,2607,0,0,0
0.2779,5531,55541543,2619,0,0,0
0.2864,5532,55551543,2611,0,0,0
0.2993,5533,55561543,2617,0,0,0
0.3077,5534,55571543,2611,0,0,0
0.3209,5535,55581543,2612,0,0,0
0.3268,5536,55591543,2609,0,0,0
0.3369,5537,55601543,2612,0,0,0
0.3557,5538,55611543,2614,0,0,0
0.3647,5539,55621543,2611,0,0,0
0.3756,5540,55631543,2612,0,0,0
0.3768,5541,55641543,2611,0,0,0
0.4069,5542,55651543,2606,0,0,0
0.4207,5543,55661542,2608,0,0,0
0.4219,5544,55671542,2621,0,0,0
0.4225,5545,55681543,2603,0,0,0
0.4488,5546,55691543,2613,0,0,0
0.4523,5547,55701543,2603,0,0,0
0.4553,5548,55711543,2623,0,0,0
0.4600,5549,55721543,2603,0,0,0
0.4709,5550,55731543,2630,0,0,0
0.4786,5551,55741542,2604,0,0,0
0.4881,5552,55751543,2626,0,0,0
0.4976,5553,55761543,2595,0,0,0
0.5074,5554,55771543,2637,0,0,0
0.5158,5555,55781543,2594,0,0,0
0.5259,5556,55791543,2627,0,0,0
0.5359,5557,55801543,2592,0,0,0
0.5462,5558,55811543,2633,0,0,0
0.5558,5559,55821543,2592,0,0,0
0.5665,5560,55831543,2635,0,0,0
0.5761,5561,55841543,2583,0,0,0
0.5860,5562,55851543,2649,0,0,0
0.5962,5563,55861543,2587,0,0,0
0.6065,5564,55871543,2655,0,0,0
0.6161,5565,55881543,2559,0,0,0
0.6261,5566,55891543,2657,0,0,0
0.6364,5567,55901543,2559,0,0,0
0.6469,5568,55911543,2663,0,0,0
0.6559,5569,55921542,2559,0,0,0
0.6678,5570,55931543,2662,0,0,0
0.6762,5571,55941543,2557,0,0,0
0.6865,5572,55951543,2679,0,0,0
0.6969,5573,55961543,2546,0,0,0
0.7218,5574,55971543,2688,0,0,0
0.7221,5575,55981543,2541,0,0,0
0.7417,5576,55991542,2701,0,0,0
0.7421,5577,56001543,2544,0,0,0
0.7522,5578,56011543,2704,0,0,0
0.7570,5579,56021543,2543,0,0,0
0.7675,5580,56031543,2708,0,0,0
0.7838,5581,56041543,2534,0,0,0
0.7904,5582,56051543,2715,0,0,0
0.7959,5583,56061542,2542,0,0,0
0.8179,5584,56071543,2721,0,0,0
0.8182,5585,56081543,2521,0,0,0
0.8351,5586,56091543,2707,0,0,0
0.8374,5587,56101543,2527,0,0,0
0.8464,5588,56111543,2711,0,0,0
0.8563,5589,56121543,2525,0,0,0
0.8665,5590,56131543,2714,0,0,0
0.8782,5591,56141543,2523,0,0,0
0.8878,5592,56151543,2723,0,0,0
0.8969,5593,56161543,2515,0,0,0
0.9067,5594,56171543,2727,0,0,0
0.9164,5595,56181543,2513,0,0,0
0.9309,5596,56191543,2736,0,0,0
0.9357,5597,56201542,2506,0,0,0
0.9477,5598,56211543,2758,0,0,0
0.9558,5599,56221543,2496,0,0,0
0.9676,5600,56231543,2767,0,0,0
0.9770,5601,56241543,2487,0,0,0
0.9859,5602,56251543,2780,0,0,0
0.9966,5603,56261543,2475,0,0,0
1.0065,5604,56271543,2787,0,0,0
1.0158,5605,56281543,2480,0,0,0
1.0261,5606,56291543,2800,0,0,0
1.0361,5607,56301543,2475,0,0,0
1.0459,5608,56311543,2815,0,0,0
1.0561,5609,56321543,2467,0,0,0
1.0664,5610,56331542,2830,0,0,0
1.0775,5611,56341543,2462,0,0,0
1.0861,5612,56351542,2832,0,0,0
1.0966,5613,56361543,2454,0,0,0
1.1068,5614,56371543,2831,0,0,0
1.1159,5615,56381543,2448,0,0,0
1.1262,5616,56391543,2843,0,0,0
1.1405,5617,56401543,2443,0,0,0
1.1461,5618,56411543,2834,0,0,0
1.1606,5619,56421543,2438,0,0,0
1.1705,5620,56431543,2847,0,0,0
1.1781,5621,56441543,2437,0,0,0
1.1899,5622,56451542,2853,0,0,0
1.1963,5623,56461543,2434,0,0,0
1.2070,5624,56471543,2857,0,0,0
1.2157,5625,56481543,2432,0,0,0
1.2274,5626,56491543,2859,0,0,0
1.2381,5627,56501543,2433,0,0,0
1.2464,5628,56511543,2866,0,0,0
1.2561,5629,56521543,2434,0,0,0
1.3090,5630,56531543,2864,0,0,0
1.3094,5631,56541542,2430,0,0,0
1.3104,5632,56551543,2873,0,0,0
1.3111,5633,56561543,2429,0,0,0
1.3114,5634,56571543,2870,0,0,0
1.3160,5635,56581543,2432,0,0,0
1.3258,5636,56591543,2865,0,0,0
1.3359,5637,56601543,2427,0,0,0
1.3466,5638,56611543,2861,0,0,0
1.3559,5639,56621543,2419,0,0,0
1.3666,5640,56631543,2879,0,0,0
1.3777,5641,56641543,2423,0,0,0
1.3866,5642,56651542,2875,0,0,0
1.3960,5643,56661543,2432,0,0,0
1.4060,5644,56671542,2880,0,0,0
1.4163,5645,56681543,2434,0,0,0
1.4279,5646,56691543,2882,0,0,0
1.4361,5647,56701543,2425,0,0,0
1.4470,5648,56711543,2893,0,0,0
1.4623,5649,56721543,2418,0,0,0
1.4672,5650,56731543,2890,0,0,0
1.4787,5651,56741543,2400,0,0,0
1.4863,5652,56751543,2898,0,0,0
1.4962,5653,56761542,2402,0,0,0
1.5103,5654,56771543,2903,0,0,0
1.5164,5655,56781543,2401,0,0,0
1.5263,5656,56791543,2906,0,0,0
1.5358,5657,56801543,2397,0,0,0
1.5465,5658,56811542,2898,0,0,0
1.5585,5659,56821543,2396,0,0,0
1.5673,5660,56831543,2901,0,0,0
1.5762,5661,56841543,2403,0,0,0
1.5862,5662,56851543,2914,0,0,0
1.5968,5663,56861543,2393,0,0,0
1.6064,5664,56871543,2921,0,0,0
1.6165,5665,56881543,2397,0,0,0
1.6261,5666,56891543,2914,0,0,0
1.6358,5667,56901543,2391,0,0,0
1.6472,5668,56911543,2927,0,0,0
1.6558,5669,56921543,2385,0,0,0
1.6682,5670,56931543,2929,0,0,0
1.6761,5671,56941543,2387,0,0,0
1.6865,5672,56951543,2941,0,0,0
1.6962,5673,56961543,2384,0,0,0
1.7061,5674,56971543,2944,0,0,0
1.7163,5675,56981543,2375,0,0,0
1.7268,5676,56991543,2960,0,0,0
1.7366,5677,57001543,2377,0,0,0
1.7459,5678,57011543,2961,0,0,0
1.7557,5679,57021543,2369,0,0,0
1.7658,5680,57031543,2944,0,0,0
1.7758,5681,57041543,2370,0,0,0
1.7861,5682,57051543,2954,0,0,0
1.7959,5683,57061543,2363,0,0,0
1.8059,5684,57071543,2960,0,0,0
1.8160,5685,57081543,2358,0,0,0
1.8258,5686,57091543,2961,0,0,0
1.8366,5687,57101543,2353,0,0,0
1.8462,5688,57111543,2958,0,0,0
1.8559,5689,57121543,2351,0,0,0
1.8659,5690,57131543,2960,0,0,0
1.8793,5691,57141543,2352,0,0,0
1.8879,5692,57151543,2971,0,0,0
1.8962,5693,57161543,2352,0,0,0
1.9064,5694,57171543,2962,0,0,0
1.9168,5695,57181543,2343,0,0,0
1.9274,5696,57191543,2967,0,0,0
1.9361,5697,57201543,2350,0,0,0
1.9489,5698,57211543,2961,0,0,0
1.9563,5699,57221543,2347,0,0,0
1.9661,5700,57231542,2962,0,0,0
1.9762,5701,57241543,2330,0,0,0
1.9865,5702,57251543,2961,0,0,0
1.9965,5703,57261543,2332,0,0,0
2.0059,5704,57271543,2961,0,0,0
2.0158,5705,57281543,2337,0,0,0
2.0257,5706,57291543,2964,0,0,0
2.0380,5707,57301543,2334,0,0,0
2.0469,5708,57311543,2960,0,0,0
2.0565,5709,57321543,2337,0,0,0
2.0672,5710,57331542,2959,0,0,0
2.0819,5711,57341542,2333,0,0,0
2.0857,5712,57351543,2955,0,0,0
2.0964,5713,57361543,2333,0,0,0
2.1060,5714,57371543,2950,0,0,0
2.1159,5715,57381543,2333,0,0,0
2.1261,5716,57391543,2944,0,0,0
2.1361,5717,57401543,2323,0,0,0
2.1468,5718,57411543,2953,0,0,0
2.1559,5719,57421542,2326,0,0,0
2.1660,5720,57431543,2956,0,0,0
2.1761,5721,57441543,2326,0,0,0
2.1866,5722,57451543,2960,0,0,0
2.1959,5723,57461543,2320,0,0,0
2.2060,5724,57471543,2956,0,0,0
2.2159,5725,57481543,2327,0,0,0
2.2258,5726,57491543,2947,0,0,0
2.2360,5727,57501543,2327,0,0,0
2.2460,5728,57511542,2941,0,0,0
2.2559,5729,57521543,2323,0,0,0
2.2657,5730,57531542,2943,0,0,0
2.2761,5731,57541542,2322,0,0,0
2.2858,5732,57551543,2929,0,0,0
2.2958,5733,57561543,2319,0,0,0
2.3065,5734,57571542,2924,0,0,0
2.3163,5735,57581543,2320,0,0,0
2.3266,5736,57591543,2920,0,0,0
2.3361,5737,57601542,2315,0,0,0
2.3475,5738,57611543,2928,0,0,0
2.3558,5739,57621543,2305,0,0,0
2.3680,5740,57631543,2918,0,0,0
2.3761,5741,57641543,2309,0,0,0
2.3859,5742,57651543,2926,0,0,0
2.3980,5743,57661543,2302,0,0,0
2.4076,5744,57671543,2919,0,0,0
2.4162,5745,57681543,2303,0,0,0
2.4269,5746,57691543,2921,0,0,0
2.4365,5747,57701543,2310,0,0,0
2.4462,5748,57711543,2908,0,0,0
2.4560,5749,57721543,2302,0,0,0
2.4702,5750,57731543,2903,0,0,0
2.4762,5751,57741543,2304,0,0,0
2.4874,5752,57751543,2903,0,0,0
2.4963,5753,57761543,2317,0,0,0
2.5064,5754,57771543,2913,0,0,0
2.5168,5755,57781543,2316,0,0,0
2.5258,5756,57791543,2896,0,0,0
2.5360,5757,57801543,2318,0,0,0
2.5460,5758,57811542,2891,0,0,0
2.5558,5759,57821543,2313,0,0,0
2.5663,5760,57831543,2898,0,0,0
2.5759,5761,57841543,2318,0,0,0
2.5860,5762,57851543,2868,0,0,0
2.5959,5763,57861543,2304,0,0,0
2.6064,5764,57871543,2849,0,0,0
2.6157,5765,57881543,2310,0,0,0
2.6265,5766,57891543,2834,0,0,0
2.6364,5767,57901543,2311,0,0,0
2.6458,5768,57911543,2832,0,0,0
2.6561,5769,57921543,2323,0,0,0
2.6661,5770,57931543,2817,0,0,0
2.6761,5771,57941543,2321,0,0,0
2.6866,5772,57951543,2815,0,0,0
2.6960,5773,57961543,2320,0,0,0
2.7083,5774,57971543,2797,0,0,0
2.7162,5775,57981543,2325,0,0,0
2.7261,5776,57991542,2794,0,0,0
2.7360,5777,58001543,2335,0,0,0
2.7552,5778,58011543,2783,0,0,0
2.7556,5779,58021543,2336,0,0,0
2.7662,5780,58031543,2778,0,0,0
2.7760,5781,58041543,2330,0,0,0
2.7861,5782,58051543,2768,0,0,0
2.7964,5783,58061543,2335,0,0,0
2.8073,5784,58071543,2770,0,0,0
2.8164,5785,58081543,2336,0,0,0
2.8276,5786,58091543,2765,0,0,0
2.8413,5787,58101542,2349,0,0,0
2.8458,5788,58111542,2755,0,0,0
2.8559,5789,58121543,2359,0,0,0
2.8661,5790,58131543,2755,0,0,0
2.8759,5791,58141543,2367,0,0,0
2.8864,5792,58151543,2750,0,0,0
2.8959,5793,58161543,2382,0,0,0
2.9058,5794,58171543,2751,0,0,0
2.9159,5795,58181543,2383,0,0,0
2.9260,5796,58191543,2745,0,0,0
2.9359,5797,58201543,2399,0,0,0
2.9460,5798,58211543,2735,0,0,0
2.9574,5799,58221543,2405,0,0,0
2.9663,5800,58231543,2736,0,0,0
2.9758,5801,58241543,2414,0,0,0
2.9858,5802,58251543,2736,0,0,0
2.9965,5803,58261542,2425,0,0,0
3.0063,5804,58271543,2736,0,0,0
3.0333,5805,58281543,2430,0,0,0
3.0336,5806,58291543,2737,0,0,0
3.0361,5807,58301542,2432,0,0,0
3.0458,5808,58311543,2739,0,0,0
3.0558,5809,58321543,2430,0,0,0
3.0668,5810,58331543,2734,0,0,0
3.0762,5811,58341542,2433,0,0,0
3.0867,5812,58351543,2743,0,0,0
3.0964,5813,58361542,2447,0,0,0
3.1060,5814,58371543,2735,0,0,0
3.1160,5815,58381543,2455,0,0,0
3.1261,5816,58391543,2721,0,0,0
3.1359,5817,58401543,2462,0,0,0
3.1478,5818,58411543,2714,0,0,0
3.1562,5819,58421542,2473,0,0,0
3.1662,5820,58431542,2704,0,0,0
3.1761,5821,58441543,2491,0,0,0
3.1868,5822,58451543,2690,0,0,0
3.1963,5823,58461543,2498,0,0,0
3.2059,5824,58471543,2685,0,0,0
3.2165,5825,58481543,2511,0,0,0
3.2263,5826,58491543,2685,0,0,0
3.2366,5827,58501542,2503,0,0,0
3.2462,5828,58511543,2677,0,0,0
3.2561,5829,58521543,2513,0,0,0
3.2659,5830,58531543,2679,0,0,0
3.2759,5831,58541543,2512,0,0,0
3.2860,5832,58551543,2671,0,0,0
3.2981,5833,58561543,2519,0,0,0
3.3065,5834,58571543,2672,0,0,0
3.3159,5835,58581543,2525,0,0,0
3.3265,5836,58591543,2668,0,0,0
3.3361,5837,58601543,2527,0,0,0
3.3460,5838,58611542,2663,0,0,0
3.3558,5839,58621543,2539,0,0,0
3.3662,5840,58631543,2658,0,0,0
3.3759,5841,58641543,2535,0,0,0
3.3860,5842,58651543,2662,0,0,0
3.3963,5843,58661542,2550,0,0,0
3.4062,5844,58671543,2655,0,0,0
3.4159,5845,58681543,2554,0,0,0
3.4259,5846,58691543,2653,0,0,0
3.4360,5847,58701542,2553,0,0,0
3.4463,5848,58711543,2653,0,0,0
3.4563,5849,58721543,2549,0,0,0
3.4662,5850,58731543,2651,0,0,0
3.4787,5851,58741543,2559,0,0,0
3.4862,5852,58751543,2649,0,0,0
3.4960,5853,58761542,2558,0,0,0
3.5062,5854,58771543,2650,0,0,0
3.5157,5855,58781543,2550,0,0,0
3.5262,5856,58791543,2643,0,0,0
3.5364,5857,58801543,2550,0,0,0
3.5482,5858,58811543,2643,0,0,0
3.5560,5859,58821543,2558,0,0,0
3.5662,5860,58831543,2640,0,0,0
3.5761,5861,58841542,2559,0,0,0
3.5862,5862,58851543,2639,0,0,0
3.5961,5863,58861543,2559,0,0,0
3.6059,5864,58871543,2638,0,0,0
3.6165,5865,58881543,2559,0,0,0
3.6281,5866,58891543,2634,0,0,0
3.6369,5867,58901542,2559,0,0,0
3.6460,5868,58911543,2634,0,0,0
3.6566,5869,58921543,2559,0,0,0
3.6665,5870,58931543,2627,0,0,0
3.6767,5871,58941543,2587,0,0,0
3.6858,5872,58951543,2623,0,0,0
3.7936,5873,58961542,2590,0,0,0
3.7941,5874,58971543,2624,0,0,0
3.7944,5875,58981543,2589,0,0,0
3.7951,5876,58991543,2624,0,0,0
3.7957,5877,59001542,2587,0,0,0
3.7965,5878,59011542,2615,0,0,0
3.7970,5879,59021543,2585,0,0,0
3.7979,5880,59031543,2619,0,0,0
3.7994,5881,59041543,2599,0,0,0
3.8003,5882,59051542,2615,0,0,0
3.8017,5883,59061543,2601,0,0,0
3.8067,5884,59071543,2617,0,0,0
3.8182,5885,59081543,2598,0,0,0
3.8262,5886,59091543,2608,0,0,0
3.8359,5887,59101543,2604,0,0,0
3.8461,5888,59111543,2608,0,0,0
3.8562,5889,59121543,2594,0,0,0
3.8662,5890,59131543,2608,0,0,0
3.8760,5891,59141543,2613,0,0,0
3.8862,5892,59151543,2607,0,0,0
3.8964,5893,59161543,2615,0,0,0
3.9060,5894,59171543,2602,0,0,0
3.9158,5895,59181542,2615,0,0,0
3.9262,5896,59191543,2590,0,0,0
3.9362,5897,59201542,2617,0,0,0
3.9459,5898,59211543,2585,0,0,0
3.9560,5899,59221542,2624,0,0,0
3.9661,5900,59231543,2582,0,0,0
3.9761,5901,59241542,2627,0,0,0
3.9859,5902,59251542,2579,0,0,0
3.9960,5903,59261543,2640,0,0,0
4.0060,5904,59271543,2559,0,0,0
4.0162,5905,59281543,2640,0,0,0
4.0259,5906,59291543,2559,0,0,0
4.0363,5907,59301543,2647,0,0,0
4.0461,5908,59311543,2559,0,0,0
4.0562,5909,59321543,2660,0,0,0
4.0659,5910,59331543,2547,0,0,0
4.0760,5911,59341543,2671,0,0,0
4.0873,5912,59351543,2541,0,0,0
4.0964,5913,59361542,2677,0,0,0
4.1063,5914,59371542,2533,0,0,0
4.1175,5915,59381543,2697,0,0,0
4.1265,5916,59391543,2528,0,0,0
4.1358,5917,59401543,2693,0,0,0
4.1467,5918,59411542,2527,0,0,0
4.1568,5919,59421542,2703,0,0,0
4.1662,5920,59431543,2526,0,0,0
4.1764,5921,59441543,2710,0,0,0
4.1857,5922,59451543,2521,0,0,0
4.1969,5923,59461543,2711,0,0,0
4.2060,5924,59471543,2516,0,0,0
4.2163,5925,59481543,2721,0,0,0
4.2259,5926,59491543,2513,0,0,0
4.2387,5927,59501542,2735,0,0,0
4.2469,5928,59511543,2503,0,0,0
4.2560,5929,59521543,2745,0,0,0
4.2664,5930,59531543,2497,0,0,0
4.2764,5931,59541543,2762,0,0,0
4.3154,5932,59551543,2491,0,0,0
4.3157,5933,59561543,2782,0,0,0
4.3175,5934,59571543,2490,0,0,0
4.3184,5935,59581543,2794,0,0,0
4.3260,5936,59591543,2480,0,0,0
4.3359,5937,59601543,2805,0,0,0
4.3460,5938,59611543,2462,0,0,0
4.3560,5939,59621543,2803,0,0,0
4.3661,5940,59631543,2441,0,0,0
4.3763,5941,59641543,2823,0,0,0
4.3864,5942,59651543,2433,0,0,0
4.3962,5943,59661542,2829,0,0,0
4.4060,5944,59671542,2425,0,0,0
4.4169,5945,59681542,2835,0,0,0
4.4265,5946,59691543,2423,0,0,0
4.4362,5947,59701543,2843,0,0,0
4.4463,5948,59711542,2415,0,0,0
4.4559,5949,59721543,2839,0,0,0
4.4662,5950,59731543,2419,0,0,0
4.4759,5951,59741542,2849,0,0,0
4.4858,5952,59751543,2423,0,0,0
4.4971,5953,59761543,2841,0,0,0
4.5070,5954,59771543,2415,0,0,0
4.5162,5955,59781543,2837,0,0,0
4.5284,5956,59791543,2411,0,0,0
4.5361,5957,59801542,2847,0,0,0
4.5470,5958,59811542,2412,0,0,0
4.5560,5959,59821543,2843,0,0,0
4.5660,5960,59831543,2401,0,0,0
4.5790,5961,59841543,2847,0,0,0
4.5874,5962,59851542,2395,0,0,0
4.5967,5963,59861543,2855,0,0,0
4.6062,5964,59871543,2384,0,0,0
4.6160,5965,59881543,2861,0,0,0
4.6261,5966,59891543,2386,0,0,0
4.6364,5967,59901543,2868,0,0,0
4.6486,5968,59911543,2384,0,0,0
4.6589,5969,59921543,2879,0,0,0
4.6673,5970,59931543,2384,0,0,0
4.6767,5971,59941543,2876,0,0,0
4.6860,5972,59951543,2387,0,0,0
4.7356,5973,59961543,2898,0,0,0
4.7473,5974,59971543,2385,0,0,0
4.7477,5975,59981543,2897,0,0,0
4.7480,5976,59991543,2380,0,0,0
4.7491,5977,60001543,2903,0,0,0
4.7509,5978,60011543,2389,0,0,0
4.7566,5979,60021543,2907,0,0,0
4.7723,5980,60031543,2384,0,0,0
4.8326,5981,60041543,2903,0,0,0
4.8329,5982,60051543,2377,0,0,0
4.8344,5983,60061543,2917,0,0,0
4.8347,5984,60071543,2375,0,0,0
4.8359,5985,60081543,2929,0,0,0
4.8362,5986,60091543,2370,0,0,0
4.8369,5987,60101543,2939,0,0,0
4.8484,5988,60111543,2367,0,0,0
4.8565,5989,60121543,2948,0,0,0
4.8716,5990,60131543,2363,0,0,0
4.8845,5991,60141542,2950,0,0,0
4.8868,5992,60151542,2353,0,0,0
4.8957,5993,60161542,2946,0,0,0
4.9083,5994,60171543,2372,0,0,0
4.9172,5995,60181542,2958,0,0,0
4.9263,5996,60191542,2346,0,0,0
4.9418,5997,60201543,2960,0,0,0
4.9472,5998,60211543,2340,0,0,0
4.9649,5999,60221543,2977,0,0,0
4.9662,6000,60231543,2342,0,0,0
4.9767,6001,60241543,2960,0,0,0
5.0135,6002,60251543,2340,0,0,0
5.0142,6003,60261542,2966,0,0,0
5.0149,6004,60271542,2339,0,0,0
5.0158,6005,60281543,2962,0,0,0
5.0260,6006,60291543,2331,0,0,0
5.0364,6007,60301543,2949,0,0,0
5.0462,6008,60311543,2316,0,0,0
5.0560,6009,60321543,2966,0,0,0
5.0663,6010,60331543,2325,0,0,0
5.0758,6011,60341542,2965,0,0,0
5.0860,6012,60351543,2320,0,0,0
5.0961,6013,60361542,2951,0,0,0
5.1066,6014,60371542,2320,0,0,0
5.1160,6015,60381542,2948,0,0,0
5.1271,6016,60391543,2321,0,0,0
5.1361,6017,60401543,2963,0,0,0
5.1464,6018,60411543,2321,0,0,0
5.1639,6019,60421543,2951,0,0,0
5.1666,6020,60431543,2319,0,0,0
5.1760,6021,60441542,2948,0,0,0
5.1859,6022,60451543,2314,0,0,0
5.1968,6023,60461543,2939,0,0,0
5.2064,6024,60471543,2317,0,0,0
5.2165,6025,60481542,2931,0,0,0
5.2261,6026,60491543,2305,0,0,0
5.2379,6027,60501543,2938,0,0,0
5.2459,6028,60511543,2307,0,0,0
5.2567,6029,60521543,2932,0,0,0
5.2664,6030,60531543,2297,0,0,0
5.2772,6031,60541543,2932,0,0,0
5.2866,6032,60551542,2288,0,0,0
5.2962,6033,60561543,2921,0,0,0
5.3063,6034,60571543,2284,0,0,0
5.3165,6035,60581543,2916,0,0,0
5.3268,6036,60591543,2287,0,0,0
5.3362,6037,60601543,2912,0,0,0
5.3462,6038,60611543,2287,0,0,0
5.3563,6039,60621543,2910,0,0,0
5.3662,6040,60631543,2288,0,0,0
5.3763,6041,60641543,2911,0,0,0
5.3862,6042,60651543,2288,0,0,0
5.3958,6043,60661543,2899,0,0,0
5.4060,6044,60671543,2288,0,0,0
5.4173,6045,60681543,2905,0,0,0
5.4277,6046,60691543,2301,0,0,0
5.4365,6047,60701542,2882,0,0,0
5.4465,6048,60711542,2288,0,0,0
5.4562,6049,60721542,2895,0,0,0
5.4662,6050,60731543,2295,0,0,0
5.4768,6051,60741542,2883,0,0,0
5.4878,6052,60751542,2295,0,0,0
5.4967,6053,60761542,2864,0,0,0
5.5082,6054,60771542,2294,0,0,0
5.5188,6055,60781542,2848,0,0,0
5.5261,6056,60791543,2303,0,0,0
5.5358,6057,60801543,2830,0,0,0
5.5468,6058,60811543,2302,0,0,0
5.5578,6059,60821543,2817,0,0,0
5.5662,6060,60831543,2307,0,0,0
5.5787,6061,60841543,2806,0,0,0
5.5864,6062,60851543,2308,0,0,0
5.5968,6063,60861543,2795,0,0,0
5.6627,6064,60871543,2311,0,0,0
5.6630,6065,60881543,2793,0,0,0
5.6636,6066,60891543,2320,0,0,0
5.6641,6067,60901543,2779,0,0,0
5.6646,6068,60911542,2322,0,0,0
5.6652,6069,60921543,2769,0,0,0
5.6658,6070,60931543,2336,0,0,0
5.6934,6071,60941543,2764,0,0,0
5.6937,6072,60951543,2331,0,0,0
5.6980,6073,60961543,2761,0,0,0
5.7058,6074,60971543,2356,0,0,0
5.7160,6075,60981543,2759,0,0,0
5.7266,6076,60991543,2374,0,0,0
5.7358,6077,61001543,2747,0,0,0
5.7461,6078,61011543,2368,0,0,0
5.7576,6079,61021542,2750,0,0,0
5.7675,6080,61031543,2401,0,0,0
5.7770,6081,61041543,2736,0,0,0
5.7860,6082,61051543,2385,0,0,0
5.7958,6083,61061542,2738,0,0,0
5.8069,6084,61071543,2402,0,0,0
5.8299,6085,61081543,2736,0,0,0
5.8346,6086,61091543,2403,0,0,0
5.8361,6087,61101543,2739,0,0,0
5.8458,6088,61111543,2416,0,0,0
5.8567,6089,61121543,2736,0,0,0
5.8658,6090,61131543,2421,0,0,0
5.8768,6091,61141543,2730,0,0,0
5.8860,6092,61151543,2429,0,0,0
5.8958,6093,61161543,2735,0,0,0
5.9059,6094,61171542,2430,0,0,0
5.9160,6095,61181543,2723,0,0,0
5.9260,6096,61191543,2439,0,0,0
5.9385,6097,61201543,2704,0,0,0
5.9562,6098,61211543,2450,0,0,0
5.9579,6099,61221543,2704,0,0,0
5.9664,6100,61231543,2480,0,0,0
5.9799,6101,61241543,2697,0,0,0
6.0011,6102,61251543,2481,0,0,0
6.0014,6103,61261542,2689,0,0,0
6.0058,6104,61271543,2490,0,0,0
6.0209,6105,61281543,2686,0,0,0
6.0342,6106,61291543,2496,0,0,0
6.0404,6107,61301543,2688,0,0,0
6.0575,6108,61311543,2512,0,0,0
6.0577,6109,61321543,2678,0,0,0
6.0710,6110,61331543,2523,0,0,0
6.0836,6111,61341543,2679,0,0,0
6.0860,6112,61351543,2527,0,0,0
6.1001,6113,61361543,2671,0,0,0
6.1060,6114,61371543,2538,0,0,0
6.1238,6115,61381543,2663,0,0,0
6.1319,6116,61391542,2543,0,0,0
6.1403,6117,61401543,2654,0,0,0
6.1512,6118,61411543,2539,0,0,0
6.1584,6119,61421543,2655,0,0,0
6.1859,6120,61431543,2530,0,0,0
6.2031,6121,61441543,2662,0,0,0
6.2238,6122,61451543,2534,0,0,0
6.2279,6123,61461543,2656,0,0,0
6.2310,6124,61471543,2542,0,0,0
6.2338,6125,61481543,2655,0,0,0
6.2369,6126,61491543,2535,0,0,0
6.2396,6127,61501543,2647,0,0,0
6.2510,6128,61511543,2544,0,0,0
6.2674,6129,61521542,2638,0,0,0
6.2711,6130,61531543,2547,0,0,0
6.2821,6131,61541542,2635,0,0,0
6.2899,6132,61551542,2552,0,0,0
6.3031,6133,61561543,2623,0,0,0
6.3068,6134,61571543,2559,0,0,0
6.3217,6135,61581543,2631,0,0,0
6.3295,6136,61591543,2559,0,0,0
6.3467,6137,61601543,2624,0,0,0
6.3549,6138,61611543,2559,0,0,0
6.3587,6139,61621543,2628,0,0,0
6.3681,6140,61631543,2559,0,0,0
6.3770,6141,61641543,2625,0,0,0
6.3907,6142,61651543,2559,0,0,0
6.3992,6143,61661543,2614,0,0,0
6.4161,6144,61671543,2559,0,0,0
6.4301,6145,61681543,2621,0,0,0
6.4422,6146,61691543,2559,0,0,0
6.4548,6147,61701543,2609,0,0,0
6.4573,6148,61711543,2581,0,0,0
6.4604,6149,61721543,2611,0,0,0
6.4685,6150,61731543,2595,0,0,0
6.4817,6151,61741543,2603,0,0,0
6.4917,6152,61751543,2590,0,0,0
6.4987,6153,61761543,2608,0,0,0
6.5093,6154,61771543,2597,0,0,0
6.5198,6155,61781543,2598,0,0,0
6.5272,6156,61791543,2610,0,0,0
6.5372,6157,61801543,2602,0,0,0
6.5584,6158,61811543,2610,0,0,0
6.5649,6159,61821542,2591,0,0,0
6.5690,6160,61831543,2611,0,0,0
6.5819,6161,61841543,2589,0,0,0
6.5896,6162,61851543,2615,0,0,0
6.5958,6163,61861543,2586,0,0,0
6.6129,6164,61871543,2631,0,0,0
6.6203,6165,61881542,2580,0,0,0
6.6281,6166,61891543,2640,0,0,0
6.6450,6167,61901543,2559,0,0,0
6.6619,6168,61911543,2651,0,0,0
6.6647,6169,61921543,2559,0,0,0
6.6719,6170,61931543,2667,0,0,0
6.6798,6171,61941543,2545,0,0,0
6.6891,6172,61951543,2679,0,0,0
6.7066,6173,61961542,2538,0,0,0
6.7068,6174,61971543,2695,0,0,0
6.7184,6175,61981543,2533,0,0,0
6.7308,6176,61991543,2702,0,0,0
6.7451,6177,62001543,2506,0,0,0
6.7457,6178,62011543,2686,0,0,0
6.7720,6179,62021543,2501,0,0,0
6.7773,6180,62031543,2686,0,0,0
6.7808,6181,62041542,2512,0,0,0
6.7880,6182,62051543,2710,0,0,0
6.7987,6183,62061543,2505,0,0,0
6.8080,6184,62071542,2735,0,0,0
6.8423,6185,62081543,2498,0,0,0
6.8515,6186,62091543,2751,0,0,0
6.8634,6187,62101543,2485,0,0,0
6.8694,6188,62111543,2768,0,0,0
6.8697,6189,62121542,2478,0,0,0
6.8700,6190,62131543,2787,0,0,0
6.8785,6191,62141543,2461,0,0,0
6.8884,6192,62151543,2809,0,0,0
6.8994,6193,62161543,2445,0,0,0
6.9057,6194,62171543,2827,0,0,0
6.9157,6195,62181543,2442,0,0,0
6.9259,6196,62191543,2834,0,0,0
6.9361,6197,62201543,2432,0,0,0
6.9463,6198,62211543,2846,0,0,0
6.9562,6199,62221543,2428,0,0,0
6.9663,6200,62231543,2847,0,0,0
6.9766,6201,62241543,2416,0,0,0
6.9868,6202,62251543,2852,0,0,0
6.9961,6203,62261543,2417,0,0,0
7.0065,6204,62271543,2851,0,0,0
7.0166,6205,62281543,2411,0,0,0
7.0264,6206,62291543,2864,0,0,0
7.0366,6207,62301543,2415,0,0,0
7.0471,6208,62311543,2851,0,0,0
7.0562,6209,62321543,2410,0,0,0
7.0669,6210,62331542,2863,0,0,0
7.0763,6211,62341542,2401,0,0,0
7.0868,6212,62351543,2867,0,0,0
7.0969,6213,62361543,2390,0,0,0
7.1062,6214,62371543,2870,0,0,0
7.1166,6215,62381543,2384,0,0,0
7.1265,6216,62391543,2875,0,0,0
7.1372,6217,62401543,2391,0,0,0
7.1464,6218,62411543,2881,0,0,0
7.1562,6219,62421543,2383,0,0,0
7.1666,6220,62431543,2879,0,0,0
7.1762,6221,62441542,2384,0,0,0
7.1870,6222,62451543,2911,0,0,0
7.1969,6223,62461543,2379,0,0,0
7.2064,6224,62471543,2910,0,0,0
7.2165,6225,62481543,2390,0,0,0
7.2272,6226,62491543,2922,0,0,0
7.2369,6227,62501542,2382,0,0,0
7.2466,6228,62511542,2919,0,0,0
7.2564,6229,62521543,2379,0,0,0
7.2666,6230,62531543,2927,0,0,0
7.2766,6231,62541543,2372,0,0,0
7.2865,6232,62551543,2946,0,0,0
7.2968,6233,62561542,2364,0,0,0
7.3060,6234,62571543,2948,0,0,0
7.3164,6235,62581543,2358,0,0,0
7.3265,6236,62591542,2954,0,0,0
7.3368,6237,62601542,2349,0,0,0
7.3463,6238,62611543,2971,0,0,0
7.3563,6239,62621543,2349,0,0,0
7.3662,6240,62631543,2962,0,0,0
7.3770,6241,62641542,2341,0,0,0
7.3865,6242,62651543,2969,0,0,0
7.3965,6243,62661543,2332,0,0,0
7.4066,6244,62671543,2963,0,0,0
7.4161,6245,62681543,2334,0,0,0
7.4262,6246,62691543,2960,0,0,0
7.4371,6247,62701543,2326,0,0,0
7.4462,6248,62711543,2950,0,0,0
7.4562,6249,62721542,2329,0,0,0
7.4664,6250,62731543,2954,0,0,0
7.4761,6251,62741543,2309,0,0,0
7.4862,6252,62751543,2959,0,0,0
7.4969,6253,62761543,2304,0,0,0
7.5062,6254,62771543,2955,0,0,0
7.5167,6255,62781543,2303,0,0,0
7.5269,6256,62791543,2944,0,0,0
7.5370,6257,62801543,2307,0,0,0
7.5464,6258,62811543,2945,0,0,0
7.5562,6259,62821543,2302,0,0,0
7.5665,6260,62831543,2944,0,0,0
7.5767,6261,62841543,2304,0,0,0
7.5866,6262,62851543,2943,0,0,0
7.5966,6263,62861543,2299,0,0,0
7.6062,6264,62871543,2935,0,0,0
7.6165,6265,62881542,2300,0,0,0
7.6261,6266,62891543,2944,0,0,0
7.6374,6267,62901543,2295,0,0,0
7.6468,6268,62911543,2928,0,0,0
7.6561,6269,62921543,2291,0,0,0
7.6668,6270,62931543,2928,0,0,0
7.6768,6271,62941542,2290,0,0,0
7.6864,6272,62951542,2922,0,0,0
7.6964,6273,62961543,2292,0,0,0
7.7064,6274,62971543,2917,0,0,0
7.7165,6275,62981543,2288,0,0,0
7.7265,6276,62991543,2929,0,0,0
7.7363,6277,63001543,2288,0,0,0
7.7465,6278,63011543,2914,0,0,0
7.7563,6279,63021543,2291,0,0,0
7.7664,6280,63031543,2904,0,0,0
7.7766,6281,63041542,2287,0,0,0
7.7865,6282,63051543,2904,0,0,0
7.7964,6283,63061543,2288,0,0,0
7.8062,6284,63071543,2899,0,0,0
7.8162,6285,63081543,2288,0,0,0
7.8263,6286,63091543,2879,0,0,0
7.8367,6287,63101543,2281,0,0,0
7.8466,6288,63111543,2864,0,0,0
7.8560,6289,63121543,2295,0,0,0
7.8666,6290,63131543,2832,0,0,0
7.8762,6291,63141543,2304,0,0,0
7.8864,6292,63151543,2814,0,0,0
7.8961,6293,63161543,2307,0,0,0
7.9061,6294,63171543,2802,0,0,0
7.9168,6295,63181543,2305,0,0,0
7.9262,6296,63191543,2795,0,0,0
7.9370,6297,63201543,2311,0,0,0
7.9470,6298,63211543,2775,0,0,0
7.9562,6299,63221543,2310,0,0,0
7.9670,6300,63231543,2768,0,0,0
7.9770,6301,63241543,2318,0,0,0
7.9865,6302,63251543,2768,0,0,0
7.9970,6303,63261543,2335,0,0,0
8.0064,6304,63271543,2759,0,0,0
8.0162,6305,63281542,2368,0,0,0
8.0270,6306,63291542,2763,0,0,0
8.0374,6307,63301543,2390,0,0,0
8.0466,6308,63311543,2757,0,0,0
8.0563,6309,63321543,2409,0,0,0
8.0669,6310,63331543,2746,0,0,0
8.0763,6311,63341542,2413,0,0,0
8.0870,6312,63351543,2731,0,0,0
8.0963,6313,63361543,2423,0,0,0
8.1067,6314,63371543,2736,0,0,0
8.1163,6315,63381543,2430,0,0,0
8.1265,6316,63391543,2742,0,0,0
8.1365,6317,63401542,2434,0,0,0
8.1462,6318,63411543,2737,0,0,0
8.1562,6319,63421543,2439,0,0,0
8.1664,6320,63431543,2737,0,0,0
8.1764,6321,63441542,2447,0,0,0
8.1871,6322,63451543,2722,0,0,0
8.1960,6323,63461543,2459,0,0,0
8.2063,6324,63471542,2713,0,0,0
8.2169,6325,63481542,2479,0,0,0
8.2264,6326,63491543,2698,0,0,0
8.2370,6327,63501542,2494,0,0,0
8.2468,6328,63511543,2687,0,0,0
8.2563,6329,63521542,2510,0,0,0
8.2661,6330,63531543,2683,0,0,0
8.2757,6331,63541543,2512,0,0,0
8.2863,6332,63551543,2672,0,0,0
8.2963,6333,63561543,2514,0,0,0
8.3061,6334,63571543,2672,0,0,0
8.3163,6335,63581542,2517,0,0,0
8.3273,6336,63591542,2667,0,0,0
8.3370,6337,63601543,2525,0,0,0
8.3461,6338,63611543,2672,0,0,0
8.3562,6339,63621543,2522,0,0,0
8.3663,6340,63631543,2655,0,0,0
8.3762,6341,63641543,2529,0,0,0
8.3869,6342,63651543,2652,0,0,0
8.3968,6343,63661543,2531,0,0,0
8.4060,6344,63671543,2651,0,0,0
8.4163,6345,63681543,2534,0,0,0
8.4262,6346,63691543,2656,0,0,0
8.4367,6347,63701543,2533,0,0,0
8.4470,6348,63711542,2654,0,0,0
8.4562,6349,63721543,2543,0,0,0
8.4663,6350,63731543,2642,0,0,0
8.4764,6351,63741543,2549,0,0,0
8.4861,6352,63751543,2644,0,0,0
8.4959,6353,63761542,2548,0,0,0
8.5060,6354,63771542,2640,0,0,0
8.5159,6355,63781543,2547,0,0,0
8.5257,6356,63791543,2627,0,0,0
8.5358,6357,63801543,2551,0,0,0
8.5457,6358,63811543,2622,0,0,0
8.5558,6359,63821543,2559,0,0,0
8.5658,6360,63831543,2623,0,0,0
8.5763,6361,63841542,2559,0,0,0
8.5864,6362,63851543,2613,0,0,0
8.5967,6363,63861543,2559,0,0,0
8.6066,6364,63871543,2621,0,0,0
8.6161,6365,63881542,2559,0,0,0
8.6266,6366,63891543,2623,0,0,0
8.6365,6367,63901543,2559,0,0,0
8.6467,6368,63911543,2607,0,0,0
8.6564,6369,63921543,2593,0,0,0
8.6672,6370,63931543,2608,0,0,0
8.6762,6371,63941543,2592,0,0,0
8.6866,6372,63951542,2601,0,0,0
8.6961,6373,63961543,2595,0,0,0
8.7063,6374,63971543,2600,0,0,0
8.7165,6375,63981543,2605,0,0,0
8.7267,6376,63991543,2598,0,0,0
8.7367,6377,64001542,2611,0,0,0
8.7465,6378,64011543,2597,0,0,0
8.7564,6379,64021543,2623,0,0,0
8.7662,6380,64031543,2559,0,0,0
8.7767,6381,64041543,2617,0,0,0
8.7863,6382,64051543,2559,0,0,0
8.7962,6383,64061543,2633,0,0,0
8.8069,6384,64071543,2549,0,0,0
8.8165,6385,64081543,2641,0,0,0
8.8263,6386,64091543,2543,0,0,0
8.8369,6387,64101543,2658,0,0,0
8.8465,6388,64111542,2527,0,0,0
8.8564,6389,64121543,2675,0,0,0
8.8669,6390,64131543,2529,0,0,0
8.8768,6391,64141543,2689,0,0,0
8.8863,6392,64151542,2515,0,0,0
8.8962,6393,64161543,2704,0,0,0
8.9061,6394,64171543,2507,0,0,0
8.9160,6395,64181543,2702,0,0,0
8.9264,6396,64191543,2512,0,0,0
8.9369,6397,64201543,2698,0,0,0
8.9466,6398,64211543,2487,0,0,0
8.9563,6399,64221543,2727,0,0,0
8.9663,6400,64231543,2487,0,0,0
8.9762,6401,64241543,2747,0,0,0
8.9867,6402,64251542,2474,0,0,0
8.9972,6403,64261542,2783,0,0,0
9.0072,6404,64271543,2457,0,0,0
9.0165,6405,64281543,2797,0,0,0
9.0262,6406,64291542,2447,0,0,0
9.0379,6407,64301542,2812,0,0,0
9.0472,6408,64311543,2432,0,0,0
9.0563,6409,64321543,2829,0,0,0
9.0670,6410,64331543,2416,0,0,0
9.0769,6411,64341543,2843,0,0,0
9.0879,6412,64351543,2416,0,0,0
9.0968,6413,64361543,2851,0,0,0
9.1065,6414,64371543,2414,0,0,0
9.1166,6415,64381543,2858,0,0,0
9.1262,6416,64391542,2416,0,0,0
9.1370,6417,64401543,2866,0,0,0
9.1462,6418,64411543,2416,0,0,0
9.1564,6419,64421543,2859,0,0,0
9.1666,6420,64431543,2406,0,0,0
9.1762,6421,64441543,2873,0,0,0
9.1874,6422,64451543,2401,0,0,0
9.1971,6423,64461543,2862,0,0,0
9.2067,6424,64471542,2403,0,0,0
9.2164,6425,64481543,2869,0,0,0
9.2264,6426,64491543,2397,0,0,0
9.2362,6427,64501543,2877,0,0,0
9.2469,6428,64511543,2389,0,0,0
9.2565,6429,64521543,2883,0,0,0
9.2664,6430,64531543,2384,0,0,0
9.2764,6431,64541543,2885,0,0,0
9.2865,6432,64551543,2384,0,0,0
9.2964,6433,64561543,2902,0,0,0
9.3061,6434,64571543,2374,0,0,0
9.3166,6435,64581543,2906,0,0,0
9.3262,6436,64591542,2369,0,0,0
9.3368,6437,64601542,2913,0,0,0
9.3464,6438,64611543,2365,0,0,0
9.3564,6439,64621543,2919,0,0,0
9.3664,6440,64631543,2358,0,0,0
9.3762,6441,64641543,2929,0,0,0
9.3869,6442,64651542,2351,0,0,0
9.3963,6443,64661542,2941,0,0,0
9.4063,6444,64671543,2347,0,0,0
9.4165,6445,64681543,2951,0,0,0
9.4261,6446,64691543,2336,0,0,0
9.4364,6447,64701543,2959,0,0,0
9.4468,6448,64711543,2329,0,0,0
9.4564,6449,64721543,2960,0,0,0
9.4664,6450,64731543,2331,0,0,0
9.4766,6451,64741543,2957,0,0,0
9.4861,6452,64751543,2324,0,0,0
9.4963,6453,64761543,2961,0,0,0
9.5061,6454,64771543,2319,0,0,0
9.5164,6455,64781543,2965,0,0,0
9.5263,6456,64791543,2311,0,0,0
9.5369,6457,64801543,2963,0,0,0
9.5462,6458,64811542,2313,0,0,0
9.5565,6459,64821543,2957,0,0,0
9.5664,6460,64831543,2307,0,0,0
9.5763,6461,64841543,2959,0,0,0
9.5866,6462,64851543,2307,0,0,0
9.5972,6463,64861543,2959,0,0,0
9.6067,6464,64871543,2314,0,0,0
9.6163,6465,64881543,2947,0,0,0
9.6269,6466,64891543,2302,0,0,0
9.6367,6467,64901543,2957,0,0,0
9.6462,6468,64911543,2303,0,0,0
9.6562,6469,64921543,2938,0,0,0
9.6667,6470,64931543,2306,0,0,0
9.6761,6471,64941543,2930,0,0,0
9.6868,6472,64951543,2299,0,0,0
9.6962,6473,64961543,2939,0,0,0
9.7061,6474,64971543,2291,0,0,0
9.7168,6475,64981543,2943,0,0,0
9.7271,6476,64991542,2285,0,0,0
9.7381,6477,65001543,2928,0,0,0
9.7462,6478,65011542,2285,0,0,0
9.7567,6479,65021542,2933,0,0,0
9.7663,6480,65031543,2286,0,0,0
9.7765,6481,65041543,2923,0,0,0
9.7870,6482,65051543,2275,0,0,0
9.7963,6483,65061543,2923,0,0,0
9.8060,6484,65071543,2288,0,0,0
9.8166,6485,65081543,2913,0,0,0
9.8262,6486,65091543,2290,0,0,0
9.8363,6487,65101543,2896,0,0,0
9.8465,6488,65111542,2289,0,0,0
9.8561,6489,65121543,2880,0,0,0
9.8667,6490,65131542,2287,0,0,0
9.8762,6491,65141542,2864,0,0,0
9.8864,6492,65151543,2299,0,0,0
9.8962,6493,65161543,2839,0,0,0
9.9063,6494,65171543,2298,0,0,0
9.9164,6495,65181543,2814,0,0,0
9.9268,6496,65191542,2299,0,0,0
9.9369,6497,65201543,2811,0,0,0
9.9461,6498,65211543,2303,0,0,0
9.9562,6499,65221543,2800,0,0,0
9.9669,6500,65231543,2302,0,0,0
9.9761,6501,65241543,2785,0,0,0
9.9862,6502,65251543,2302,0,0,0
9.9962,6503,65261543,2783,0,0,0
10.0078,6504,65271543,2321,0,0,0
10.0159,6505,65281543,2766,0,0,0
10.0283,6506,65291542,2351,0,0,0
10.0371,6507,65301543,2753,0,0,0
10.0504,6508,65311543,2365,0,0,0
10.0559,6509,65321543,2753,0,0,0
10.0687,6510,65331543,2377,0,0,0
10.0799,6511,65341543,2748,0,0,0
10.0862,6512,65351543,2397,0,0,0
10.0958,6513,65361543,2747,0,0,0
10.1060,6514,65371543,2399,0,0,0
10.1158,6515,65381543,2747,0,0,0
10.1257,6516,65391542,2411,0,0,0
10.1357,6517,65401543,2738,0,0,0
10.1459,6518,65411542,2415,0,0,0
10.1558,6519,65421542,2741,0,0,0
10.1658,6520,65431543,2416,0,0,0
10.1759,6521,65441543,2747,0,0,0
10.1857,6522,65451542,2423,0,0,0
10.1994,6523,65461543,2732,0,0,0
10.2222,6524,65471543,2434,0,0,0
10.2242,6525,65481543,2731,0,0,0
10.2636,6526,65491543,2459,0,0,0
10.2737,6527,65501543,2705,0,0,0
10.2874,6528,65511543,2484,0,0,0
10.2916,6529,65521543,2695,0,0,0
10.2972,6530,65531543,2495,0,0,0
10.2975,6531,65541543,2688,0,0,0
10.2978,6532,65551543,2499,0,0,0
10.2980,6533,65561542,2683,0,0,0
10.3182,6534,65571543,2506,0,0,0
10.3184,6535,65581543,2676,0,0,0
10.3301,6536,65591543,2512,0,0,0
10.3382,6537,65601543,2677,0,0,0
10.3459,6538,65611543,2526,0,0,0
10.3558,6539,65621543,2671,0,0,0
10.3659,6540,65631543,2531,0,0,0
10.3758,6541,65641543,2667,0,0,0
10.3857,6542,65651543,2537,0,0,0
10.3958,6543,65661543,2655,0,0,0
10.4057,6544,65671543,2542,0,0,0
10.4159,6545,65681543,2644,0,0,0
10.4259,6546,65691543,2544,0,0,0
10.4358,6547,65701543,2649,0,0,0
10.4458,6548,65711543,2551,0,0,0
10.4559,6549,65721543,2641,0,0,0
10.4657,6550,65731543,2557,0,0,0
10.4758,6551,65741543,2645,0,0,0
10.4860,6552,65751543,2558,0,0,0
10.4957,6553,65761543,2638,0,0,0
10.5059,6554,65771543,2559,0,0,0
10.5157,6555,65781543,2628,0,0,0
10.5257,6556,65791543,2559,0,0,0
10.5358,6557,65801543,2629,0,0,0
10.5459,6558,65811543,2559,0,0,0
10.5558,6559,65821543,2624,0,0,0
10.5658,6560,65831542,2581,0,0,0
10.5760,6561,65841543,2621,0,0,0
10.5860,6562,65851543,2585,0,0,0
10.5958,6563,65861543,2614,0,0,0
10.6058,6564,65871543,2583,0,0,0
10.6157,6565,65881543,2610,0,0,0
10.6259,6566,65891542,2594,0,0,0
10.6359,6567,65901543,2606,0,0,0
10.6465,6568,65911543,2590,0,0,0
10.6564,6569,65921543,2596,0,0,0
10.6658,6570,65931543,2603,0,0,0
10.6758,6571,65941543,2597,0,0,0
10.6858,6572,65951542,2605,0,0,0
10.6958,6573,65961543,2592,0,0,0
10.7059,6574,65971543,2609,0,0,0
10.7161,6575,65981543,2591,0,0,0
10.7266,6576,65991543,2613,0,0,0
10.7359,6577,66001543,2582,0,0,0
10.7460,6578,66011542,2626,0,0,0
10.7557,6579,66021542,2581,0,0,0
10.7657,6580,66031543,2639,0,0,0
10.7757,6581,66041543,2559,0,0,0
10.7858,6582,66051543,2654,0,0,0
10.7958,6583,66061543,2549,0,0,0
10.8057,6584,66071543,2663,0,0,0
10.8157,6585,66081543,2527,0,0,0
10.8257,6586,66091543,2676,0,0,0
10.8358,6587,66101543,2522,0,0,0
10.8457,6588,66111542,2690,0,0,0
10.8557,6589,66121543,2521,0,0,0
10.8657,6590,66131543,2699,0,0,0
10.8767,6591,66141543,2510,0,0,0
10.8858,6592,66151543,2704,0,0,0
10.8961,6593,66161543,2511,0,0,0
10.9061,6594,66171543,2704,0,0,0
10.9160,6595,66181543,2512,0,0,0
10.9257,6596,66191543,2731,0,0,0
10.9356,6597,66201543,2486,0,0,0
10.9457,6598,66211542,2752,0,0,0
10.9560,6599,66221543,2478,0,0,0
10.9658,6600,66231543,2768,0,0,0
10.9757,6601,66241543,2470,0,0,0
10.9857,6602,66251542,2794,0,0,0
10.9959,6603,66261543,2449,0,0,0
11.0059,6604,66271543,2823,0,0,0
11.0159,6605,66281543,2431,0,0,0
11.0258,6606,66291542,2831,0,0,0
11.0358,6607,66301543,2426,0,0,0
11.0457,6608,66311543,2852,0,0,0
11.0559,6609,66321543,2416,0,0,0
11.0660,6610,66331542,2857,0,0,0
11.0759,6611,66341542,2415,0,0,0
11.0862,6612,66351543,2861,0,0,0
11.0961,6613,66361543,2414,0,0,0
11.1058,6614,66371542,2859,0,0,0
11.1160,6615,66381543,2410,0,0,0
11.1257,6616,66391543,2855,0,0,0
11.1357,6617,66401543,2408,0,0,0
11.1458,6618,66411543,2881,0,0,0
11.1558,6619,66421543,2395,0,0,0
11.1658,6620,66431542,2869,0,0,0
11.1758,6621,66441542,2400,0,0,0
11.1892,6622,66451543,2870,0,0,0
11.1960,6623,66461543,2394,0,0,0
11.2059,6624,66471542,2883,0,0,0
11.2158,6625,66481543,2387,0,0,0
11.2468,6626,66491543,2902,0,0,0
11.2705,6627,66501543,2378,0,0,0
11.2709,6628,66511543,2898,0,0,0
11.2827,6629,66521543,2369,0,0,0
11.2972,6630,66531543,2915,0,0,0
11.3213,6631,66541543,2374,0,0,0
11.3425,6632,66551543,2918,0,0,0
11.3430,6633,66561543,2365,0,0,0
11.3434,6634,66571543,2924,0,0,0
11.3458,6635,66581543,2357,0,0,0
11.3543,6636,66591542,2931,0,0,0
11.3548,6637,66601543,2352,0,0,0
11.3554,6638,66611543,2942,0,0,0
11.3559,6639,66621543,2349,0,0,0
11.3658,6640,66631543,2949,0,0,0
11.3758,6641,66641543,2339,0,0,0
11.3858,6642,66651543,2961,0,0,0
11.3958,6643,66661543,2335,0,0,0
11.4058,6644,66671543,2973,0,0,0
11.4158,6645,66681543,2320,0,0,0
11.4259,6646,66691543,2962,0,0,0
11.4363,6647,66701543,2323,0,0,0
11.4458,6648,66711542,2963,0,0,0
11.4560,6649,66721543,2325,0,0,0
11.4659,6650,66731542,2967,0,0,0
11.4758,6651,66741543,2317,0,0,0
11.4863,6652,66751543,2961,0,0,0
11.4960,6653,66761543,2309,0,0,0
11.5059,6654,66771543,2964,0,0,0
11.5159,6655,66781543,2303,0,0,0
11.5262,6656,66791543,2971,0,0,0
11.5358,6657,66801543,2301,0,0,0
11.5462,6658,66811543,2965,0,0,0
11.5557,6659,66821543,2304,0,0,0
11.5661,6660,66831543,2962,0,0,0
11.5762,6661,66841543,2301,0,0,0
11.5861,6662,66851542,2959,0,0,0
11.5958,6663,66861543,2298,0,0,0
11.6061,6664,66871542,2945,0,0,0
11.6160,6665,66881543,2303,0,0,0
11.6257,6666,66891543,2945,0,0,0
11.6390,6667,66901543,2298,0,0,0
11.6469,6668,66911542,2930,0,0,0
11.6558,6669,66921543,2298,0,0,0
11.6658,6670,66931542,2929,0,0,0
11.7024,6671,66941543,2281,0,0,0
11.7231,6672,66951542,2925,0,0,0
11.7389,6673,66961542,2279,0,0,0
11.7589,6674,66971543,2916,0,0,0
11.7865,6675,66981543,2274,0,0,0
11.7884,6676,66991543,2928,0,0,0
11.7887,6677,67001543,2278,0,0,0
11.7907,6678,67011543,2929,0,0,0
11.7992,6679,67021543,2271,0,0,0
11.7995,6680,67031543,2914,0,0,0
11.7997,6681,67041543,2282,0,0,0
11.8000,6682,67051543,2896,0,0,0
11.8002,6683,67061543,2275,0,0,0
11.8057,6684,67071543,2896,0,0,0
11.8160,6685,67081543,2287,0,0,0
11.8259,6686,67091543,2858,0,0,0
11.8357,6687,67101543,2283,0,0,0
11.8457,6688,67111543,2841,0,0,0
11.8559,6689,67121543,2293,0,0,0
11.8660,6690,67131543,2821,0,0,0
11.8766,6691,67141543,2301,0,0,0
11.8860,6692,67151543,2801,0,0,0
11.8957,6693,67161543,2303,0,0,0
11.9058,6694,67171543,2795,0,0,0
11.9161,6695,67181543,2301,0,0,0
11.9260,6696,67191543,2779,0,0,0
11.9359,6697,67201543,2309,0,0,0
11.9458,6698,67211542,2783,0,0,0
11.9558,6699,67221543,2311,0,0,0
11.9661,6700,67231543,2765,0,0,0
11.9761,6701,67241543,2320,0,0,0
11.9858,6702,67251543,2761,0,0,0
11.9958,6703,67261543,2343,0,0,0
12.0062,6704,67271543,2763,0,0,0
12.0162,6705,67281543,2366,0,0,0
12.0262,6706,67291542,2752,0,0,0
12.0359,6707,67301542,2394,0,0,0
12.0459,6708,67311542,2743,0,0,0
12.0558,6709,67321543,2391,0,0,0
12.0690,6710,67331542,2739,0,0,0
12.0771,6711,67341543,2410,0,0,0
12.0862,6712,67351543,2741,0,0,0
12.0957,6713,67361543,2411,0,0,0
12.1332,6714,67371542,2735,0,0,0
12.1435,6715,67381542,2420,0,0,0
12.1766,6716,67391543,2725,0,0,0
12.1898,6717,67401543,2437,0,0,0
12.2180,6718,67411543,2718,0,0,0
12.2183,6719,67421543,2448,0,0,0
12.2188,6720,67431543,2702,0,0,0
12.2286,6721,67441543,2470,0,0,0
12.2290,6722,67451542,2693,0,0,0
12.2293,6723,67461543,2475,0,0,0
12.2295,6724,67471542,2673,0,0,0
12.2298,6725,67481542,2487,0,0,0
12.2300,6726,67491543,2672,0,0,0
12.2358,6727,67501543,2498,0,0,0
12.2459,6728,67511543,2664,0,0,0
12.2558,6729,67521543,2503,0,0,0
12.2658,6730,67531543,2667,0,0,0
12.2758,6731,67541543,2512,0,0,0
12.2882,6732,67551543,2656,0,0,0
12.2963,6733,67561543,2518,0,0,0
12.3058,6734,67571543,2662,0,0,0
12.3157,6735,67581543,2527,0,0,0
12.3260,6736,67591543,2650,0,0,0
12.3357,6737,67601543,2544,0,0,0
12.3457,6738,67611542,2640,0,0,0
12.3559,6739,67621542,2533,0,0,0
12.3658,6740,67631543,2639,0,0,0
12.3759,6741,67641543,2538,0,0,0
12.3859,6742,67651543,2636,0,0,0
12.3958,6743,67661543,2556,0,0,0
12.4058,6744,67671542,2638,0,0,0
12.4162,6745,67681543,2559,0,0,0
12.4258,6746,67691542,2630,0,0,0
12.4364,6747,67701543,2549,0,0,0
12.4463,6748,67711543,2624,0,0,0
12.4559,6749,67721543,2559,0,0,0
12.4660,6750,67731543,2625,0,0,0
12.4760,6751,67741543,2559,0,0,0
12.4859,6752,67751543,2618,0,0,0
12.4958,6753,67761543,2559,0,0,0
12.5061,6754,67771543,2617,0,0,0
12.5157,6755,67781543,2582,0,0,0
12.5265,6756,67791543,2613,0,0,0
12.5362,6757,67801543,2559,0,0,0
12.5457,6758,67811543,2615,0,0,0
12.5838,6759,67821543,2588,0,0,0
12.6048,6760,67831543,2608,0,0,0
12.6335,6761,67841543,2590,0,0,0
12.6544,6762,67851543,2603,0,0,0
12.6689,6763,67861543,2591,0,0,0
12.6692,6764,67871543,2602,0,0,0
12.6714,6765,67881543,2592,0,0,0
12.6816,6766,67891543,2590,0,0,0
12.6821,6767,67901543,2606,0,0,0
12.6824,6768,67911542,2594,0,0,0
12.6828,6769,67921543,2608,0,0,0
12.6833,6770,67931543,2583,0,0,0
12.6837,6771,67941543,2608,0,0,0
12.6893,6772,67951543,2559,0,0,0
12.6958,6773,67961543,2618,0,0,0
12.7057,6774,67971542,2559,0,0,0
12.7157,6775,67981543,2625,0,0,0
12.7258,6776,67991543,2553,0,0,0
12.7381,6777,68001543,2642,0,0,0
12.7462,6778,68011543,2539,0,0,0
12.7559,6779,68021543,2663,0,0,0
12.7657,6780,68031543,2533,0,0,0
12.7763,6781,68041543,2688,0,0,0
12.7858,6782,68051542,2517,0,0,0
12.7958,6783,68061542,2699,0,0,0
12.8067,6784,68071543,2518,0,0,0
12.8160,6785,68081543,2714,0,0,0
12.8258,6786,68091542,2515,0,0,0
12.8359,6787,68101543,2709,0,0,0
12.8459,6788,68111543,2503,0,0,0
12.8559,6789,68121543,2725,0,0,0
12.8662,6790,68131543,2490,0,0,0
12.8759,6791,68141543,2738,0,0,0
12.8861,6792,68151543,2480,0,0,0
12.8961,6793,68161543,2767,0,0,0
12.9061,6794,68171543,2464,0,0,0
12.9161,6795,68181543,2770,0,0,0
12.9258,6796,68191543,2450,0,0,0
12.9358,6797,68201543,2805,0,0,0
12.9461,6798,68211543,2438,0,0,0
12.9559,6799,68221543,2826,0,0,0
12.9657,6800,68231542,2431,0,0,0
12.9758,6801,68241542,2843,0,0,0
12.9857,6802,68251543,2432,0,0,0
12.9959,6803,68261543,2853,0,0,0
13.0060,6804,68271543,2414,0,0,0
13.0166,6805,68281543,2858,0,0,0
13.0263,6806,68291543,2413,0,0,0
13.0367,6807,68301543,2863,0,0,0
13.0466,6808,68311542,2403,0,0,0
13.0562,6809,68321543,2859,0,0,0
13.0668,6810,68331542,2412,0,0,0
13.0760,6811,68341543,2870,0,0,0
13.0862,6812,68351542,2406,0,0,0
13.0963,6813,68361543,2887,0,0,0
13.1063,6814,68371543,2397,0,0,0
13.1166,6815,68381543,2886,0,0,0
13.1263,6816,68391543,2395,0,0,0
13.1360,6817,68401543,2897,0,0,0
13.1469,6818,68411542,2391,0,0,0
13.1564,6819,68421543,2897,0,0,0
13.1664,6820,68431543,2390,0,0,0
13.1764,6821,68441543,2909,0,0,0
13.1867,6822,68451543,2377,0,0,0
13.1964,6823,68461543,2899,0,0,0
13.2063,6824,68471543,2370,0,0,0
13.2168,6825,68481543,2902,0,0,0
13.2263,6826,68491543,2374,0,0,0
13.2364,6827,68501543,2913,0,0,0
13.2469,6828,68511542,2375,0,0,0
13.2563,6829,68521543,2918,0,0,0
13.2663,6830,68531543,2361,0,0,0
13.2766,6831,68541543,2942,0,0,0
13.2868,6832,68551542,2352,0,0,0
13.2964,6833,68561543,2943,0,0,0
13.3065,6834,68571543,2350,0,0,0
13.3169,6835,68581543,2959,0,0,0
13.3264,6836,68591543,2337,0,0,0
13.3370,6837,68601543,2960,0,0,0
13.3468,6838,68611543,2333,0,0,0
13.3564,6839,68621543,2970,0,0,0
13.3668,6840,68631543,2330,0,0,0
13.3767,6841,68641543,2967,0,0,0
13.3868,6842,68651542,2325,0,0,0
13.3968,6843,68661543,2980,0,0,0
13.4063,6844,68671542,2318,0,0,0
13.4168,6845,68681542,2971,0,0,0
13.4265,6846,68691543,2315,0,0,0
13.4366,6847,68701543,2966,0,0,0
13.4468,6848,68711543,2309,0,0,0
13.4563,6849,68721543,2962,0,0,0
13.4662,6850,68731543,2304,0,0,0
13.4774,6851,68741543,2965,0,0,0
13.4862,6852,68751543,2303,0,0,0
13.4965,6853,68761543,2974,0,0,0
13.5068,6854,68771542,2308,0,0,0
13.5168,6855,68781543,2971,0,0,0
13.5261,6856,68791543,2295,0,0,0
13.5373,6857,68801543,2960,0,0,0
13.5463,6858,68811542,2295,0,0,0
13.5562,6859,68821542,2957,0,0,0
13.5662,6860,68831543,2295,0,0,0
13.5765,6861,68841543,2955,0,0,0
13.5865,6862,68851543,2297,0,0,0
13.5965,6863,68861543,2948,0,0,0
13.6063,6864,68871542,2294,0,0,0
13.6160,6865,68881543,2958,0,0,0
13.6258,6866,68891543,2288,0,0,0
13.6361,6867,68901543,2949,0,0,0
13.6462,6868,68911543,2287,0,0,0
13.6562,6869,68921543,2939,0,0,0
13.6670,6870,68931543,2288,0,0,0
13.6765,6871,68941543,2928,0,0,0
13.6864,6872,68951543,2282,0,0,0
13.6968,6873,68961543,2926,0,0,0
13.7062,6874,68971543,2274,0,0,0
13.7160,6875,68981543,2921,0,0,0
13.7268,6876,68991542,2269,0,0,0
13.7369,6877,69001543,2922,0,0,0
13.7469,6878,69011543,2270,0,0,0
13.7560,6879,69021543,2909,0,0,0
13.7668,6880,69031543,2279,0,0,0
13.7768,6881,69041543,2901,0,0,0
13.7867,6882,69051542,2283,0,0,0
13.7967,6883,69061543,2882,0,0,0
13.8064,6884,69071543,2285,0,0,0
13.8168,6885,69081543,2849,0,0,0
13.8262,6886,69091543,2288,0,0,0
13.8374,6887,69101543,2837,0,0,0
13.8468,6888,69111543,2292,0,0,0
13.8562,6889,69121543,2815,0,0,0
13.8670,6890,69131542,2298,0,0,0
13.8764,6891,69141542,2811,0,0,0
13.8868,6892,69151543,2295,0,0,0
13.8970,6893,69161543,2798,0,0,0
13.9061,6894,69171542,2306,0,0,0
13.9168,6895,69181543,2783,0,0,0
13.9269,6896,69191543,2307,0,0,0
13.9362,6897,69201543,2773,0,0,0
13.9463,6898,69211542,2313,0,0,0
13.9570,6899,69221543,2761,0,0,0
13.9669,6900,69231543,2320,0,0,0
13.9763,6901,69241543,2767,0,0,0
13.9868,6902,69251542,2352,0,0,0
13.9965,6903,69261543,2752,0,0,0
14.0065,6904,69271543,2366,0,0,0
14.0163,6905,69281543,2747,0,0,0
14.0268,6906,69291543,2382,0,0,0
14.0364,6907,69301543,2746,0,0,0
14.0467,6908,69311543,2389,0,0,0
14.0569,6909,69321543,2742,0,0,0
14.0669,6910,69331543,2399,0,0,0
14.0771,6911,69341543,2741,0,0,0
14.0861,6912,69351542,2417,0,0,0
14.0962,6913,69361543,2726,0,0,0
14.1061,6914,69371542,2416,0,0,0
14.1169,6915,69381543,2751,0,0,0
14.1265,6916,69391543,2425,0,0,0
14.1373,6917,69401543,2729,0,0,0
14.1459,6918,69411543,2443,0,0,0
14.1563,6919,69421543,2720,0,0,0
14.1666,6920,69431543,2450,0,0,0
14.1761,6921,69441543,2704,0,0,0
14.1875,6922,69451543,2475,0,0,0
14.1963,6923,69461543,2691,0,0,0
14.2062,6924,69471543,2479,0,0,0
14.2167,6925,69481543,2685,0,0,0
14.2261,6926,69491543,2485,0,0,0
14.2365,6927,69501543,2675,0,0,0
14.2468,6928,69511542,2511,0,0,0
14.2562,6929,69521543,2679,0,0,0
14.2668,6930,69531543,2512,0,0,0
14.2768,6931,69541543,2662,0,0,0
14.2874,6932,69551542,2507,0,0,0
14.2974,6933,69561543,2661,0,0,0
14.3065,6934,69571543,2515,0,0,0
14.3165,6935,69581543,2651,0,0,0
14.3263,6936,69591543,2530,0,0,0
14.3379,6937,69601543,2647,0,0,0
14.3465,6938,69611542,2521,0,0,0
14.3565,6939,69621543,2643,0,0,0
14.3662,6940,69631543,2519,0,0,0
14.3761,6941,69641543,2639,0,0,0
14.3864,6942,69651543,2547,0,0,0
14.3969,6943,69661543,2640,0,0,0
14.4062,6944,69671543,2550,0,0,0
14.4163,6945,69681543,2634,0,0,0
14.4269,6946,69691543,2559,0,0,0
14.4364,6947,69701543,2630,0,0,0
14.4465,6948,69711543,2559,0,0,0
14.4566,6949,69721543,2629,0,0,0
14.4665,6950,69731543,2559,0,0,0
14.4767,6951,69741543,2629,0,0,0
14.4868,6952,69751542,2582,0,0,0
14.4968,6953,69761543,2621,0,0,0
14.5067,6954,69771543,2559,0,0,0
14.5160,6955,69781543,2621,0,0,0
14.5262,6956,69791542,2591,0,0,0
14.5371,6957,69801543,2615,0,0,0
14.5461,6958,69811543,2592,0,0,0
14.5562,6959,69821543,2615,0,0,0
14.5668,6960,69831542,2595,0,0,0
14.5764,6961,69841542,2609,0,0,0
14.5861,6962,69851543,2590,0,0,0
14.5966,6963,69861543,2608,0,0,0
14.6070,6964,69871543,2590,0,0,0
14.6168,6965,69881543,2601,0,0,0
14.6263,6966,69891543,2594,0,0,0
14.6372,6967,69901543,2595,0,0,0
14.6473,6968,69911543,2599,0,0,0
14.6561,6969,69921543,2598,0,0,0
14.6666,6970,69931542,2609,0,0,0
14.6780,6971,69941543,2596,0,0,0
14.6867,6972,69951543,2609,0,0,0
14.6970,6973,69961543,2588,0,0,0
14.7063,6974,69971542,2609,0,0,0
14.7161,6975,69981543,2559,0,0,0
14.7266,6976,69991543,2615,0,0,0
14.7361,6977,70001543,2559,0,0,0
14.7461,6978,70011542,2620,0,0,0
14.7566,6979,70021543,2559,0,0,0
14.7671,6980,70031543,2637,0,0,0
14.7770,6981,70041543,2551,0,0,0
14.7858,6982,70051542,2650,0,0,0
14.7964,6983,70061543,2537,0,0,0
14.8062,6984,70071543,2668,0,0,0
14.8172,6985,70081543,2527,0,0,0
14.8264,6986,70091543,2677,0,0,0
14.8362,6987,70101543,2519,0,0,0
14.8467,6988,70111543,2691,0,0,0
14.8571,6989,70121543,2512,0,0,0
14.8662,6990,70131542,2698,0,0,0
14.8758,6991,70141542,2511,0,0,0
14.8865,6992,70151543,2704,0,0,0
14.8966,6993,70161543,2507,0,0,0
14.9068,6994,70171543,2710,0,0,0
14.9168,6995,70181543,2493,0,0,0
14.9264,6996,70191542,2725,0,0,0
14.9368,6997,70201543,2480,0,0,0
14.9466,6998,70211543,2751,0,0,0
14.9564,6999,70221543,2478,0,0,0
14.9665,7000,70231543,2770,0,0,0
14.9766,7001,70241543,2464,0,0,0
14.9862,7002,70251543,2789,0,0,0
14.9969,7003,70261543,2447,0,0,0
15.0061,7004,70271543,2811,0,0,0
15.0168,7005,70281543,2433,0,0,0
15.0263,7006,70291543,2823,0,0,0
15.0366,7007,70301543,2427,0,0,0
15.0464,7008,70311543,2843,0,0,0
15.0565,7009,70321543,2410,0,0,0
15.0667,7010,70331543,2851,0,0,0
15.0763,7011,70341543,2413,0,0,0
15.0873,7012,70351543,2859,0,0,0
15.0963,7013,70361543,2406,0,0,0
15.1067,7014,70371543,2861,0,0,0
15.1160,7015,70381543,2409,0,0,0
15.1259,7016,70391543,2849,0,0,0
15.1359,7017,70401543,2405,0,0,0
15.1458,7018,70411542,2864,0,0,0
15.1561,7019,70421543,2397,0,0,0
15.1658,7020,70431543,2866,0,0,0
15.1758,7021,70441543,2391,0,0,0
15.1858,7022,70451543,2869,0,0,0
15.1960,7023,70461543,2388,0,0,0
15.2061,7024,70471543,2873,0,0,0
15.2159,7025,70481543,2389,0,0,0
15.2267,7026,70491543,2887,0,0,0
15.2365,7027,70501543,2379,0,0,0
15.2463,7028,70511543,2885,0,0,0
15.2562,7029,70521543,2378,0,0,0
15.2667,7030,70531543,2905,0,0,0
15.2766,7031,70541543,2379,0,0,0
15.2863,7032,70551543,2911,0,0,0
15.2960,7033,70561543,2373,0,0,0
15.3059,7034,70571543,2910,0,0,0
15.3163,7035,70581543,2362,0,0,0
15.3262,7036,70591543,2914,0,0,0
15.3367,7037,70601543,2368,0,0,0
15.3462,7038,70611543,2918,0,0,0
15.3565,7039,70621543,2352,0,0,0
15.3662,7040,70631543,2926,0,0,0
15.3767,7041,70641543,2355,0,0,0
15.3868,7042,70651542,2931,0,0,0
15.3962,7043,70661542,2351,0,0,0
15.4066,7044,70671543,2954,0,0,0
15.4167,7045,70681543,2342,0,0,0
15.4264,7046,70691542,2954,0,0,0
15.4368,7047,70701543,2334,0,0,0
15.4468,7048,70711543,2962,0,0,0
15.4563,7049,70721543,2323,0,0,0
15.4662,7050,70731543,2961,0,0,0
15.4769,7051,70741543,2320,0,0,0
15.4861,7052,70751543,2982,0,0,0
15.4961,7053,70761543,2317,0,0,0
15.5062,7054,70771543,2973,0,0,0
15.5160,7055,70781543,2309,0,0,0
15.5269,7056,70791543,2973,0,0,0
15.5366,7057,70801543,2313,0,0,0
15.5465,7058,70811542,2975,0,0,0
15.5564,7059,70821543,2311,0,0,0
15.5662,7060,70831543,2967,0,0,0
15.5760,7061,70841543,2305,0,0,0
15.5869,7062,70851542,2960,0,0,0
15.5960,7063,70861543,2301,0,0,0
15.6063,7064,70871542,2969,0,0,0
15.6166,7065,70881543,2299,0,0,0
15.6261,7066,70891542,2962,0,0,0
15.6369,7067,70901542,2304,0,0,0
15.6469,7068,70911543,2962,0,0,0
15.6562,7069,70921543,2297,0,0,0
15.6666,7070,70931542,2958,0,0,0
15.6765,7071,70941543,2288,0,0,0
15.6864,7072,70951542,2954,0,0,0
15.6963,7073,70961543,2290,0,0,0
15.7063,7074,70971543,2957,0,0,0
15.7163,7075,70981543,2290,0,0,0
15.7268,7076,70991542,2949,0,0,0
15.7369,7077,71001543,2295,0,0,0
15.7464,7078,71011543,2943,0,0,0
15.7564,7079,71021543,2287,0,0,0
15.7665,7080,71031543,2940,0,0,0
15.7764,7081,71041543,2282,0,0,0
15.7864,7082,71051543,2947,0,0,0
15.7961,7083,71061543,2277,0,0,0
15.8063,7084,71071543,2928,0,0,0
15.8162,7085,71081543,2279,0,0,0
15.8263,7086,71091543,2926,0,0,0
15.8365,7087,71101543,2277,0,0,0
15.8465,7088,71111543,2919,0,0,0
15.8562,7089,71121543,2277,0,0,0
15.8665,7090,71131543,2908,0,0,0
15.8766,7091,71141543,2281,0,0,0
15.8875,7092,71151542,2910,0,0,0
15.8963,7093,71161543,2278,0,0,0
15.9062,7094,71171543,2903,0,0,0
15.9166,7095,71181543,2276,0,0,0
15.9270,7096,71191543,2901,0,0,0
15.9374,7097,71201543,2271,0,0,0
15.9464,7098,71211543,2886,0,0,0
15.9563,7099,71221543,2281,0,0,0
15.9669,7100,71231543,2849,0,0,0
15.9770,7101,71241543,2270,0,0,0
15.9867,7102,71251542,2838,0,0,0
15.9970,7103,71261543,2286,0,0,0
16.0064,7104,71271543,2819,0,0,0
16.0164,7105,71281543,2283,0,0,0
16.0265,7106,71291543,2806,0,0,0
16.0365,7107,71301543,2284,0,0,0
16.0467,7108,71311543,2786,0,0,0
16.0562,7109,71321543,2288,0,0,0
16.0665,7110,71331543,2765,0,0,0
16.0763,7111,71341543,2290,0,0,0
16.0868,7112,71351543,2764,0,0,0
16.0970,7113,71361543,2298,0,0,0
16.1063,7114,71371543,2769,0,0,0
16.1168,7115,71381543,2298,0,0,0
16.1268,7116,71391543,2768,0,0,0
16.1361,7117,71401543,2313,0,0,0
16.1463,7118,71411543,2752,0,0,0
16.1565,7119,71421543,2352,0,0,0
16.1665,7120,71431542,2733,0,0,0
16.1766,7121,71441542,2365,0,0,0
16.1868,7122,71451543,2725,0,0,0
16.1973,7123,71461543,2367,0,0,0
16.2068,7124,71471543,2717,0,0,0
16.2169,7125,71481543,2384,0,0,0
16.2269,7126,71491542,2707,0,0,0
16.2372,7127,71501543,2375,0,0,0
16.2467,7128,71511543,2741,0,0,0
16.2563,7129,71521543,2398,0,0,0
16.2667,7130,71531543,2736,0,0,0
16.2767,7131,71541543,2402,0,0,0
16.2862,7132,71551543,2736,0,0,0
16.2964,7133,71561543,2402,0,0,0
16.3064,7134,71571543,2711,0,0,0
16.3167,7135,71581543,2415,0,0,0
16.3266,7136,71591543,2718,0,0,0
16.3373,7137,71601543,2431,0,0,0
16.3468,7138,71611543,2687,0,0,0
16.3563,7139,71621543,2449,0,0,0
16.3672,7140,71631543,2686,0,0,0
16.3763,7141,71641543,2445,0,0,0
16.3869,7142,71651543,2685,0,0,0
16.3968,7143,71661543,2459,0,0,0
16.4072,7144,71671543,2672,0,0,0
16.4162,7145,71681543,2483,0,0,0
16.4270,7146,71691543,2656,0,0,0
16.4371,7147,71701543,2490,0,0,0
16.4461,7148,71711543,2657,0,0,0
16.4563,7149,71721543,2496,0,0,0
16.4663,7150,71731543,2645,0,0,0
16.4762,7151,71741543,2490,0,0,0
16.4870,7152,71751543,2640,0,0,0
16.4968,7153,71761543,2512,0,0,0
16.5063,7154,71771543,2637,0,0,0
16.5167,7155,71781543,2518,0,0,0
16.5260,7156,71791543,2653,0,0,0
16.5371,7157,71801543,2525,0,0,0
16.5464,7158,71811543,2644,0,0,0
16.5568,7159,71821543,2535,0,0,0
16.5667,7160,71831543,2641,0,0,0
16.5768,7161,71841543,2539,0,0,0
16.5862,7162,71851543,2640,0,0,0
16.5969,7163,71861543,2543,0,0,0
16.6064,7164,71871543,2640,0,0,0
16.6165,7165,71881543,2538,0,0,0
16.6261,7166,71891542,2640,0,0,0
16.6359,7167,71901542,2551,0,0,0
16.6457,7168,71911543,2633,0,0,0
16.6559,7169,71921543,2545,0,0,0
16.6660,7170,71931543,2636,0,0,0
16.6759,7171,71941543,2559,0,0,0
16.6861,7172,71951543,2625,0,0,0
16.6969,7173,71961543,2554,0,0,0
16.7066,7174,71971543,2621,0,0,0
16.7163,7175,71981543,2559,0,0,0
16.7260,7176,71991543,2622,0,0,0
16.7368,7177,72001543,2559,0,0,0
16.7462,7178,72011542,2609,0,0,0
16.7563,7179,72021542,2559,0,0,0
16.7667,7180,72031543,2616,0,0,0
16.7763,7181,72041543,2583,0,0,0
16.7868,7182,72051542,2617,0,0,0
16.7962,7183,72061542,2589,0,0,0
16.8064,7184,72071543,2612,0,0,0
16.8161,7185,72081543,2594,0,0,0
16.8262,7186,72091543,2608,0,0,0
16.8371,7187,72101542,2591,0,0,0
16.8462,7188,72111543,2611,0,0,0
16.8561,7189,72121543,2599,0,0,0
16.8665,7190,72131542,2602,0,0,0
16.8767,7191,72141543,2590,0,0,0
16.8868,7192,72151543,2597,0,0,0
16.8961,7193,72161543,2597,0,0,0
16.9061,7194,72171543,2596,0,0,0
16.9171,7195,72181543,2602,0,0,0
16.9261,7196,72191543,2592,0,0,0
16.9375,7197,72201543,2602,0,0,0
16.9463,7198,72211542,2559,0,0,0
16.9561,7199,72221543,2609,0,0,0
16.9670,7200,72231543,2559,0,0,0
16.9762,7201,72241543,2619,0,0,0
16.9862,7202,72251543,2582,0,0,0
16.9971,7203,72261543,2628,0,0,0
17.0062,7204,72271543,2559,0,0,0
17.0167,7205,72281543,2626,0,0,0
17.0262,7206,72291542,2559,0,0,0
17.0360,7207,72301543,2640,0,0,0
17.0468,7208,72311543,2551,0,0,0
17.0564,7209,72321543,2641,0,0,0
17.0669,7210,72331543,2537,0,0,0
17.0764,7211,72341543,2656,0,0,0
17.0863,7212,72351543,2529,0,0,0
17.0964,7213,72361543,2670,0,0,0
17.1064,7214,72371543,2527,0,0,0
17.1164,7215,72381543,2692,0,0,0
17.1262,7216,72391542,2525,0,0,0
17.1372,7217,72401543,2704,0,0,0
17.1462,7218,72411542,2515,0,0,0
17.1561,7219,72421543,2707,0,0,0
17.1671,7220,72431543,2507,0,0,0
17.1764,7221,72441543,2711,0,0,0
17.1871,7222,72451543,2512,0,0,0
17.1962,7223,72461543,2711,0,0,0
17.2074,7224,72471542,2498,0,0,0
17.2164,7225,72481542,2719,0,0,0
17.2264,7226,72491543,2481,0,0,0
17.2380,7227,72501543,2736,0,0,0
17.2465,7228,72511542,2466,0,0,0
17.2562,7229,72521543,2768,0,0,0
17.2664,7230,72531543,2452,0,0,0
17.2770,7231,72541543,2789,0,0,0
17.2862,7232,72551543,2448,0,0,0
17.2964,7233,72561543,2802,0,0,0
17.3063,7234,72571543,2439,0,0,0
17.3161,7235,72581543,2820,0,0,0
17.3261,7236,72591543,2417,0,0,0
17.3360,7237,72601543,2845,0,0,0
17.3458,7238,72611543,2418,0,0,0
17.3561,7239,72621543,2841,0,0,0
17.3658,7240,72631543,2416,0,0,0
17.3758,7241,72641543,2847,0,0,0
17.3857,7242,72651542,2399,0,0,0
17.3958,7243,72661542,2873,0,0,0
17.4057,7244,72671543,2405,0,0,0
17.4159,7245,72681543,2869,0,0,0
17.4258,7246,72691543,2410,0,0,0
17.4366,7247,72701543,2864,0,0,0
17.4467,7248,72711543,2398,0,0,0
17.4560,7249,72721543,2873,0,0,0
17.4666,7250,72731543,2410,0,0,0
17.4763,7251,72741543,2871,0,0,0
17.4868,7252,72751542,2394,0,0,0
17.4964,7253,72761542,2881,0,0,0
17.5062,7254,72771543,2388,0,0,0
17.5161,7255,72781543,2879,0,0,0
17.5268,7256,72791543,2386,0,0,0
17.5369,7257,72801543,2883,0,0,0
17.5460,7258,72811543,2382,0,0,0
17.5567,7259,72821543,2896,0,0,0
17.5665,7260,72831542,2374,0,0,0
17.5762,7261,72841543,2894,0,0,0
17.5866,7262,72851543,2370,0,0,0
17.5967,7263,72861543,2903,0,0,0
17.6065,7264,72871543,2370,0,0,0
17.6165,7265,72881543,2906,0,0,0
17.6262,7266,72891543,2363,0,0,0
17.6365,7267,72901543,2925,0,0,0
17.6465,7268,72911543,2365,0,0,0
17.6565,7269,72921543,2923,0,0,0
17.6664,7270,72931542,2366,0,0,0
17.6763,7271,72941543,2928,0,0,0
17.6868,7272,72951543,2357,0,0,0
17.6965,7273,72961543,2929,0,0,0
17.7066,7274,72971543,2342,0,0,0
17.7170,7275,72981543,2928,0,0,0
17.7264,7276,72991543,2343,0,0,0
17.7363,7277,73001543,2946,0,0,0
17.7467,7278,73011543,2336,0,0,0
17.7564,7279,73021543,2947,0,0,0
17.7666,7280,73031543,2326,0,0,0
17.7765,7281,73041543,2960,0,0,0
17.7864,7282,73051543,2320,0,0,0
17.7962,7283,73061543,2970,0,0,0
17.8072,7284,73071542,2308,0,0,0
17.8171,7285,73081542,2978,0,0,0
17.8266,7286,73091543,2301,0,0,0
17.8364,7287,73101543,2985,0,0,0
17.8468,7288,73111543,2294,0,0,0
17.8564,7289,73121543,2996,0,0,0
17.8665,7290,73131542,2288,0,0,0
17.8768,7291,73141543,2994,0,0,0
17.8868,7292,73151543,2288,0,0,0
17.8967,7293,73161543,2990,0,0,0
17.9062,7294,73171542,2287,0,0,0
17.9162,7295,73181543,2993,0,0,0
17.9264,7296,73191543,2287,0,0,0
17.9366,7297,73201543,2997,0,0,0
17.9461,7298,73211543,2271,0,0,0
17.9564,7299,73221543,3002,0,0,0
17.9661,7300,73231542,2275,0,0,0
17.9761,7301,73241543,2995,0,0,0
17.9863,7302,73251543,2267,0,0,0
17.9959,7303,73261543,3002,0,0,0
18.0060,7304,73271543,2263,0,0,0
18.0159,7305,73281543,3013,0,0,0
18.0260,7306,73291543,2269,0,0,0
18.0367,7307,73301543,2992,0,0,0
18.0464,7308,73311542,2258,0,0,0
18.0562,7309,73321543,2999,0,0,0
18.0662,7310,73331543,2256,0,0,0
18.0762,7311,73341543,2992,0,0,0
18.0860,7312,73351543,2256,0,0,0
18.0964,7313,73361543,2995,0,0,0
18.1068,7314,73371543,2257,0,0,0
18.1166,7315,73381543,2991,0,0,0
18.1261,7316,73391543,2261,0,0,0
18.1371,7317,73401543,2990,0,0,0
18.1461,7318,73411543,2256,0,0,0
18.1564,7319,73421543,2986,0,0,0
18.1668,7320,73431542,2247,0,0,0
18.1764,7321,73441543,2982,0,0,0
18.1862,7322,73451542,2243,0,0,0
18.1962,7323,73461543,2973,0,0,0
18.2062,7324,73471542,2239,0,0,0
18.2162,7325,73481543,2969,0,0,0
18.2267,7326,73491542,2239,0,0,0
18.2367,7327,73501542,2975,0,0,0
18.2461,7328,73511543,2235,0,0,0
18.2566,7329,73521543,2970,0,0,0
18.2659,7330,73531543,2231,0,0,0
18.2763,7331,73541543,2962,0,0,0
18.2871,7332,73551543,2231,0,0,0
18.2966,7333,73561543,2953,0,0,0
18.3063,7334,73571542,2234,0,0,0
18.3165,7335,73581542,2955,0,0,0
18.3266,7336,73591543,2222,0,0,0
18.3372,7337,73601543,2935,0,0,0
18.3463,7338,73611543,2233,0,0,0
18.3562,7339,73621543,2941,0,0,0
18.3667,7340,73631543,2234,0,0,0
18.3766,7341,73641543,2933,0,0,0
18.3862,7342,73651542,2236,0,0,0
18.3968,7343,73661543,2928,0,0,0
18.4066,7344,73671543,2239,0,0,0
18.4166,7345,73681543,2909,0,0,0
18.4263,7346,73691543,2242,0,0,0
18.4367,7347,73701543,2877,0,0,0
18.4465,7348,73711543,2237,0,0,0
18.4564,7349,73721543,2876,0,0,0
18.4660,7350,73731543,2239,0,0,0
18.4764,7351,73741543,2858,0,0,0
18.4863,7352,73751543,2245,0,0,0
18.4967,7353,73761543,2847,0,0,0
18.5063,7354,73771543,2250,0,0,0
18.5160,7355,73781543,2831,0,0,0
18.5268,7356,73791543,2244,0,0,0
18.5361,7357,73801543,2823,0,0,0
18.5462,7358,73811543,2255,0,0,0
18.5563,7359,73821543,2815,0,0,0
18.5661,7360,73831542,2255,0,0,0
18.5762,7361,73841543,2802,0,0,0
18.5861,7362,73851543,2263,0,0,0
18.5962,7363,73861543,2793,0,0,0
18.6061,7364,73871543,2287,0,0,0
18.6161,7365,73881543,2786,0,0,0
18.6280,7366,73891543,2301,0,0,0
18.6363,7367,73901543,2778,0,0,0
18.6467,7368,73911542,2317,0,0,0
18.6564,7369,73921543,2771,0,0,0
18.6662,7370,73931543,2326,0,0,0
18.6769,7371,73941543,2767,0,0,0
18.6864,7372,73951543,2338,0,0,0
18.6962,7373,73961543,2758,0,0,0
18.7062,7374,73971543,2343,0,0,0
18.7171,7375,73981543,2763,0,0,0
18.7270,7376,73991542,2362,0,0,0
18.7370,7377,74001543,2767,0,0,0
18.7465,7378,74011542,2352,0,0,0
18.7563,7379,74021543,2752,0,0,0
18.7669,7380,74031543,2359,0,0,0
18.7766,7381,74041543,2755,0,0,0
18.7863,7382,74051543,2368,0,0,0
18.7968,7383,74061543,2754,0,0,0
18.8063,7384,74071542,2381,0,0,0
18.8177,7385,74081542,2754,0,0,0
18.8262,7386,74091543,2384,0,0,0
18.8370,7387,74101543,2739,0,0,0
18.8470,7388,74111543,2378,0,0,0
18.8561,7389,74121543,2754,0,0,0
18.8678,7390,74131543,2386,0,0,0
18.8765,7391,74141543,2746,0,0,0
18.8868,7392,74151543,2391,0,0,0
18.8971,7393,74161543,2731,0,0,0
18.9061,7394,74171543,2416,0,0,0
18.9164,7395,74181543,2707,0,0,0
18.9269,7396,74191542,2437,0,0,0
18.9368,7397,74201542,2699,0,0,0
18.9464,7398,74211543,2448,0,0,0
18.9565,7399,74221543,2693,0,0,0
18.9670,7400,74231543,2453,0,0,0
18.9767,7401,74241543,2688,0,0,0
18.9870,7402,74251542,2454,0,0,0
18.9963,7403,74261543,2695,0,0,0
19.0073,7404,74271543,2463,0,0,0
19.0164,7405,74281543,2683,0,0,0
19.0264,7406,74291543,2470,0,0,0
19.0364,7407,74301543,2677,0,0,0
19.0463,7408,74311542,2478,0,0,0
19.0564,7409,74321543,2673,0,0,0
19.0662,7410,74331543,2480,0,0,0
19.0765,7411,74341543,2667,0,0,0
19.0870,7412,74351543,2507,0,0,0
19.0962,7413,74361543,2666,0,0,0
19.1067,7414,74371542,2502,0,0,0
19.1167,7415,74381542,2660,0,0,0
19.1264,7416,74391543,2503,0,0,0
19.1368,7417,74401543,2649,0,0,0
19.1470,7418,74411543,2507,0,0,0
19.1563,7419,74421543,2651,0,0,0
19.1671,7420,74431542,2511,0,0,0
19.1766,7421,74441542,2646,0,0,0
19.1865,7422,74451543,2521,0,0,0
19.1964,7423,74461543,2640,0,0,0
19.2066,7424,74471542,2528,0,0,0
19.2162,7425,74481543,2640,0,0,0
19.2261,7426,74491543,2530,0,0,0
19.2371,7427,74501543,2646,0,0,0
19.2461,7428,74511542,2539,0,0,0
19.2566,7429,74521542,2638,0,0,0
19.2668,7430,74531543,2539,0,0,0
19.2762,7431,74541543,2626,0,0,0
19.2867,7432,74551543,2533,0,0,0
19.2964,7433,74561543,2631,0,0,0
19.3061,7434,74571543,2533,0,0,0
19.3162,7435,74581543,2642,0,0,0
19.3259,7436,74591543,2550,0,0,0
19.3358,7437,74601543,2634,0,0,0
19.3458,7438,74611543,2551,0,0,0
19.3558,7439,74621543,2624,0,0,0
19.3666,7440,74631542,2556,0,0,0
19.3763,7441,74641542,2626,0,0,0
19.3863,7442,74651543,2557,0,0,0
19.3962,7443,74661543,2624,0,0,0
19.4069,7444,74671543,2553,0,0,0
19.4166,7445,74681543,2613,0,0,0
19.4264,7446,74691543,2557,0,0,0
19.4375,7447,74701543,2619,0,0,0
19.4462,7448,74711543,2555,0,0,0
19.4563,7449,74721543,2614,0,0,0
19.4667,7450,74731543,2559,0,0,0
19.4765,7451,74741543,2618,0,0,0
19.4865,7452,74751543,2559,0,0,0
19.4962,7453,74761543,2609,0,0,0
19.5063,7454,74771543,2559,0,0,0
19.5168,7455,74781543,2602,0,0,0
19.5261,7456,74791543,2559,0,0,0
19.5363,7457,74801543,2603,0,0,0
19.5459,7458,74811542,2559,0,0,0
19.5564,7459,74821542,2599,0,0,0
19.5660,7460,74831543,2559,0,0,0
19.5757,7461,74841543,2596,0,0,0
19.5857,7462,74851542,2590,0,0,0
19.5958,7463,74861543,2587,0,0,0
19.6058,7464,74871543,2559,0,0,0
19.6167,7465,74881543,2589,0,0,0
19.6260,7466,74891543,2586,0,0,0
19.6361,7467,74901543,2590,0,0,0
19.6462,7468,74911543,2588,0,0,0
19.6563,7469,74921543,2582,0,0,0
19.6663,7470,74931543,2597,0,0,0
19.6762,7471,74941543,2559,0,0,0
19.6874,7472,74951543,2603,0,0,0
19.6961,7473,74961543,2559,0,0,0
19.7064,7474,74971543,2598,0,0,0
19.7161,7475,74981543,2558,0,0,0
19.7263,7476,74991542,2619,0,0,0
19.7365,7477,75001543,2559,0,0,0
19.7463,7478,75011543,2626,0,0,0
19.7571,7479,75021543,2551,0,0,0
19.7664,7480,75031543,2633,0,0,0
19.7767,7481,75041543,2541,0,0,0
19.7864,7482,75051542,2643,0,0,0
19.7960,7483,75061543,2535,0,0,0
19.8066,7484,75071543,2642,0,0,0
19.8162,7485,75081543,2528,0,0,0
19.8264,7486,75091542,2653,0,0,0
19.8365,7487,75101542,2517,0,0,0
19.8462,7488,75111543,2672,0,0,0
19.8562,7489,75121543,2519,0,0,0
19.8662,7490,75131543,2675,0,0,0
19.8762,7491,75141543,2505,0,0,0
19.8865,7492,75151543,2693,0,0,0
19.8967,7493,75161543,2498,0,0,0
19.9063,7494,75171543,2686,0,0,0
19.9163,7495,75181543,2497,0,0,0
19.9262,7496,75191543,2697,0,0,0
19.9368,7497,75201543,2497,0,0,0
19.9462,7498,75211542,2697,0,0,0
19.9564,7499,75221542,2496,0,0,0
19.9663,7500,75231543,2703,0,0,0
19.9764,7501,75241543,2486,0,0,0
19.9874,7502,75251543,2713,0,0,0
19.9968,7503,75261543,2485,0,0,0
20.0077,7504,75271542,2719,0,0,0
20.0252,7505,75281542,2469,0,0,0
20.0257,7506,75291543,2736,0,0,0
20.0361,7507,75301543,2465,0,0,0
20.0459,7508,75311543,2767,0,0,0
20.0559,7509,75321543,2465,0,0,0
20.0658,7510,75331543,2771,0,0,0
20.0760,7511,75341543,2451,0,0,0
20.0891,7512,75351543,2790,0,0,0
20.0986,7513,75361543,2448,0,0,0
20.1061,7514,75371543,2801,0,0,0
20.1159,7515,75381543,2442,0,0,0
20.1258,7516,75391543,2807,0,0,0
20.1358,7517,75401543,2425,0,0,0
20.1475,7518,75411543,2816,0,0,0
20.1558,7519,75421543,2422,0,0,0
20.1662,7520,75431543,2829,0,0,0
20.1758,7521,75441543,2414,0,0,0
20.1859,7522,75451543,2839,0,0,0
20.1959,7523,75461543,2410,0,0,0
20.2084,7524,75471543,2845,0,0,0
20.2176,7525,75481543,2402,0,0,0
20.2259,7526,75491543,2842,0,0,0
20.2358,7527,75501543,2398,0,0,0
20.2458,7528,75511542,2858,0,0,0
20.2559,7529,75521543,2401,0,0,0
20.2691,7530,75531543,2865,0,0,0
20.2784,7531,75541543,2368,0,0,0
20.2858,7532,75551543,2857,0,0,0
20.2958,7533,75561543,2395,0,0,0
20.3059,7534,75571542,2863,0,0,0
20.3161,7535,75581542,2399,0,0,0
20.3259,7536,75591543,2864,0,0,0
20.3359,7537,75601543,2390,0,0,0
20.3459,7538,75611543,2871,0,0,0
20.3563,7539,75621543,2387,0,0,0
20.3668,7540,75631543,2865,0,0,0
20.3767,7541,75641543,2388,0,0,0
20.3864,7542,75651543,2877,0,0,0
20.3964,7543,75661543,2391,0,0,0
20.4065,7544,75671542,2877,0,0,0
20.4163,7545,75681542,2385,0,0,0
20.4263,7546,75691543,2880,0,0,0
20.4372,7547,75701543,2381,0,0,0
20.4463,7548,75711543,2893,0,0,0
20.4563,7549,75721543,2369,0,0,0
20.4667,7550,75731542,2884,0,0,0
20.4761,7551,75741542,2378,0,0,0
20.4862,7552,75751543,2896,0,0,0
20.4963,7553,75761543,2369,0,0,0
20.5062,7554,75771543,2887,0,0,0
20.5163,7555,75781543,2366,0,0,0
20.5264,7556,75791542,2903,0,0,0
20.5371,7557,75801542,2367,0,0,0
20.5463,7558,75811543,2931,0,0,0
20.5568,7559,75821543,2357,0,0,0
20.5668,7560,75831543,2903,0,0,0
20.5768,7561,75841543,2355,0,0,0
20.5860,7562,75851543,2911,0,0,0
20.5968,7563,75861543,2357,0,0,0
20.6067,7564,75871543,2909,0,0,0
20.6177,7565,75881543,2349,0,0,0
20.6263,7566,75891542,2928,0,0,0
20.6362,7567,75901543,2365,0,0,0
20.6467,7568,75911543,2921,0,0,0
20.6564,7569,75921543,2352,0,0,0
20.6665,7570,75931543,2931,0,0,0
20.6764,7571,75941543,2340,0,0,0
20.6872,7572,75951543,2937,0,0,0
20.6961,7573,75961543,2343,0,0,0
20.7062,7574,75971543,2945,0,0,0
20.7163,7575,75981543,2317,0,0,0
20.7264,7576,75991543,2925,0,0,0
20.7371,7577,76001543,2323,0,0,0
20.7469,7578,76011543,2929,0,0,0
20.7567,7579,76021543,2325,0,0,0
20.7662,7580,76031543,2923,0,0,0
20.7770,7581,76041543,2321,0,0,0
20.7862,7582,76051543,2925,0,0,0
20.7961,7583,76061543,2314,0,0,0
20.8062,7584,76071543,2951,0,0,0
20.8160,7585,76081543,2297,0,0,0
20.8261,7586,76091543,2954,0,0,0
20.8367,7587,76101543,2303,0,0,0
20.8459,7588,76111543,2957,0,0,0
20.8563,7589,76121543,2305,0,0,0
20.8664,7590,76131542,2966,0,0,0
20.8764,7591,76141543,2298,0,0,0
20.8868,7592,76151543,2955,0,0,0
20.8962,7593,76161543,2276,0,0,0
20.9062,7594,76171543,2947,0,0,0
20.9162,7595,76181543,2277,0,0,0
20.9267,7596,76191543,2970,0,0,0
20.9361,7597,76201543,2282,0,0,0
20.9463,7598,76211543,2957,0,0,0
20.9561,7599,76221543,2279,0,0,0
20.9663,7600,76231543,2967,0,0,0
20.9768,7601,76241543,2289,0,0,0
20.9868,7602,76251543,2942,0,0,0
20.9969,7603,76261543,2294,0,0,0
21.0063,7604,76271542,2960,0,0,0
21.0164,7605,76281543,2289,0,0,0
21.0267,7606,76291543,2973,0,0,0
21.0361,7607,76301543,2288,0,0,0
21.0476,7608,76311543,2986,0,0,0
21.0565,7609,76321543,2287,0,0,0
21.0662,7610,76331543,2990,0,0,0
21.0761,7611,76341543,2288,0,0,0
21.0862,7612,76351542,2983,0,0,0
21.0958,7613,76361543,2289,0,0,0
21.1058,7614,76371543,2978,0,0,0
21.1168,7615,76381543,2288,0,0,0
21.1269,7616,76391543,2976,0,0,0
21.1369,7617,76401543,2283,0,0,0
21.1464,7618,76411543,2974,0,0,0
21.1563,7619,76421543,2282,0,0,0
21.1662,7620,76431542,2977,0,0,0
21.1770,7621,76441542,2285,0,0,0
21.1861,7622,76451543,2965,0,0,0
21.1965,7623,76461543,2270,0,0,0
21.2069,7624,76471543,2967,0,0,0
21.2167,7625,76481543,2282,0,0,0
21.2263,7626,76491542,2957,0,0,0
21.2375,7627,76501543,2283,0,0,0
21.2471,7628,76511543,2960,0,0,0
21.2562,7629,76521543,2285,0,0,0
21.2671,7630,76531542,2962,0,0,0
21.2761,7631,76541542,2275,0,0,0
21.2862,7632,76551543,2949,0,0,0
21.2968,7633,76561542,2259,0,0,0
21.3060,7634,76571543,2960,0,0,0
21.3171,7635,76581543,2257,0,0,0
21.3269,7636,76591543,2957,0,0,0
21.3369,7637,76601543,2256,0,0,0
21.3468,7638,76611542,2942,0,0,0
21.3562,7639,76621542,2254,0,0,0
21.3662,7640,76631543,2953,0,0,0
21.3769,7641,76641543,2257,0,0,0
21.3864,7642,76651543,2942,0,0,0
21.3961,7643,76661543,2257,0,0,0
21.4064,7644,76671543,2938,0,0,0
21.4168,7645,76681543,2256,0,0,0
21.4265,7646,76691543,2928,0,0,0
21.4373,7647,76701543,2256,0,0,0
21.4463,7648,76711543,2947,0,0,0
21.4563,7649,76721543,2257,0,0,0
21.4663,7650,76731543,2928,0,0,0
21.4765,7651,76741543,2251,0,0,0
21.4867,7652,76751543,2938,0,0,0
21.4970,7653,76761543,2247,0,0,0
21.5066,7654,76771543,2929,0,0,0
21.5169,7655,76781543,2252,0,0,0
21.5271,7656,76791542,2921,0,0,0
21.5363,7657,76801543,2247,0,0,0
21.5464,7658,76811542,2919,0,0,0
21.5562,7659,76821543,2253,0,0,0
21.5669,7660,76831542,2923,0,0,0
21.5763,7661,76841543,2256,0,0,0
21.5871,7662,76851543,2915,0,0,0
21.5964,7663,76861543,2261,0,0,0
21.6062,7664,76871542,2917,0,0,0
21.6162,7665,76881543,2266,0,0,0
21.6264,7666,76891543,2893,0,0,0
21.6375,7667,76901543,2273,0,0,0
21.6465,7668,76911542,2866,0,0,0
21.6565,7669,76921543,2270,0,0,0
21.6664,7670,76931543,2864,0,0,0
21.6764,7671,76941543,2270,0,0,0
21.6878,7672,76951543,2851,0,0,0
21.6967,7673,76961543,2263,0,0,0
21.7062,7674,76971542,2849,0,0,0
21.7170,7675,76981543,2269,0,0,0
21.7260,7676,76991542,2841,0,0,0
21.7360,7677,77001543,2267,0,0,0
21.7462,7678,77011542,2834,0,0,0
21.7559,7679,77021543,2257,0,0,0
21.7657,7680,77031543,2839,0,0,0
21.7759,7681,77041543,2263,0,0,0
21.7857,7682,77051543,2831,0,0,0
21.7959,7683,77061543,2259,0,0,0
21.8059,7684,77071543,2813,0,0,0
21.8158,7685,77081543,2281,0,0,0
21.8265,7686,77091543,2800,0,0,0
21.8362,7687,77101543,2278,0,0,0
21.8470,7688,77111543,2789,0,0,0
21.8563,7689,77121543,2283,0,0,0
21.8664,7690,77131543,2784,0,0,0
21.8766,7691,77141543,2286,0,0,0
21.8864,7692,77151543,2782,0,0,0
21.8962,7693,77161543,2286,0,0,0
21.9061,7694,77171542,2787,0,0,0
21.9163,7695,77181543,2318,0,0,0
21.9261,7696,77191542,2779,0,0,0
21.9365,7697,77201543,2302,0,0,0
21.9459,7698,77211543,2785,0,0,0
21.9562,7699,77221543,2315,0,0,0
21.9659,7700,77231543,2770,0,0,0
21.9761,7701,77241543,2318,0,0,0
21.9859,7702,77251543,2759,0,0,0
21.9957,7703,77261543,2320,0,0,0
22.0062,7704,77271543,2759,0,0,0
22.0159,7705,77281543,2330,0,0,0
22.0258,7706,77291543,2752,0,0,0
22.0359,7707,77301543,2342,0,0,0
22.0459,7708,77311543,2753,0,0,0
22.0558,7709,77321543,2371,0,0,0
22.0660,7710,77331543,2742,0,0,0
22.0760,7711,77341543,2367,0,0,0
22.0863,7712,77351542,2743,0,0,0
22.0963,7713,77361543,2363,0,0,0
22.1063,7714,77371543,2737,0,0,0
22.1173,7715,77381543,2369,0,0,0
22.1268,7716,77391543,2751,0,0,0
22.1363,7717,77401543,2378,0,0,0
22.1461,7718,77411543,2740,0,0,0
22.1568,7719,77421543,2380,0,0,0
22.1663,7720,77431543,2745,0,0,0
22.1773,7721,77441543,2384,0,0,0
22.1871,7722,77451543,2745,0,0,0
22.1963,7723,77461543,2384,0,0,0
22.2062,7724,77471542,2738,0,0,0
22.2163,7725,77481543,2397,0,0,0
22.2265,7726,77491543,2741,0,0,0
22.2373,7727,77501543,2400,0,0,0
22.2469,7728,77511543,2736,0,0,0
22.2563,7729,77521543,2397,0,0,0
22.2664,7730,77531543,2742,0,0,0
22.2770,7731,77541543,2411,0,0,0
22.2870,7732,77551542,2737,0,0,0
22.2961,7733,77561543,2417,0,0,0
22.3061,7734,77571542,2738,0,0,0
22.3169,7735,77581542,2416,0,0,0
22.3268,7736,77591543,2729,0,0,0
22.3367,7737,77601543,2427,0,0,0
22.3470,7738,77611543,2725,0,0,0
22.3562,7739,77621543,2433,0,0,0
22.3668,7740,77631542,2709,0,0,0
22.3766,7741,77641542,2435,0,0,0
22.3862,7742,77651543,2706,0,0,0
22.3967,7743,77661543,2448,0,0,0
22.4064,7744,77671543,2700,0,0,0
22.4164,7745,77681543,2455,0,0,0
22.4268,7746,77691543,2691,0,0,0
22.4379,7747,77701543,2452,0,0,0
22.4467,7748,77711543,2697,0,0,0
22.4566,7749,77721542,2463,0,0,0
22.4668,7750,77731543,2685,0,0,0
22.4768,7751,77741543,2475,0,0,0
22.4871,7752,77751543,2679,0,0,0
22.4962,7753,77761543,2489,0,0,0
22.5062,7754,77771543,2673,0,0,0
22.5161,7755,77781543,2484,0,0,0
22.5267,7756,77791543,2671,0,0,0
22.5365,7757,77801543,2480,0,0,0
22.5464,7758,77811543,2677,0,0,0
22.5565,7759,77821543,2479,0,0,0
22.5661,7760,77831543,2678,0,0,0
22.5766,7761,77841543,2479,0,0,0
22.5872,7762,77851543,2677,0,0,0
22.5963,7763,77861543,2485,0,0,0
22.6069,7764,77871542,2669,0,0,0
22.6168,7765,77881543,2494,0,0,0
22.6266,7766,77891542,2674,0,0,0
22.6367,7767,77901542,2497,0,0,0
22.6471,7768,77911542,2669,0,0,0
22.6561,7769,77921542,2510,0,0,0
22.6664,7770,77931543,2669,0,0,0
22.6762,7771,77941543,2511,0,0,0
22.6872,7772,77951543,2663,0,0,0
22.6965,7773,77961543,2518,0,0,0
22.7063,7774,77971543,2655,0,0,0
22.7167,7775,77981543,2515,0,0,0
22.7264,7776,77991543,2655,0,0,0
22.7368,7777,78001543,2518,0,0,0
22.7464,7778,78011543,2661,0,0,0
22.7562,7779,78021543,2529,0,0,0
22.7672,7780,78031543,2647,0,0,0
22.7761,7781,78041543,2527,0,0,0
22.7860,7782,78051543,2657,0,0,0
22.7961,7783,78061543,2538,0,0,0
22.8059,7784,78071543,2647,0,0,0
22.8165,7785,78081543,2530,0,0,0
22.8269,7786,78091543,2643,0,0,0
22.8372,7787,78101543,2531,0,0,0
22.8461,7788,78111542,2640,0,0,0
22.8568,7789,78121543,2533,0,0,0
22.8671,7790,78131543,2642,0,0,0
22.8761,7791,78141543,2535,0,0,0
22.8868,7792,78151543,2631,0,0,0
22.8962,7793,78161543,2538,0,0,0
22.9061,7794,78171543,2634,0,0,0
22.9165,7795,78181543,2543,0,0,0
22.9262,7796,78191543,2640,0,0,0
22.9375,7797,78201543,2543,0,0,0
22.9462,7798,78211543,2627,0,0,0
22.9564,7799,78221543,2550,0,0,0
22.9669,7800,78231543,2639,0,0,0
22.9766,7801,78241543,2546,0,0,0
22.9862,7802,78251543,2639,0,0,0
22.9980,7803,78261543,2555,0,0,0
23.0061,7804,78271542,2634,0,0,0
23.0165,7805,78281543,2553,0,0,0
23.0269,7806,78291543,2631,0,0,0
23.0363,7807,78301543,2558,0,0,0
23.0462,7808,78311543,2622,0,0,0
23.0565,7809,78321543,2546,0,0,0
23.0661,7810,78331542,2629,0,0,0
23.0764,7811,78341542,2550,0,0,0
23.0868,7812,78351543,2622,0,0,0
23.0958,7813,78361543,2559,0,0,0
23.1061,7814,78371542,2618,0,0,0
23.1159,7815,78381543,2550,0,0,0
23.1260,7816,78391543,2623,0,0,0
23.1360,7817,78401543,2555,0,0,0
23.1459,7818,78411542,2623,0,0,0
23.1558,7819,78421543,2553,0,0,0
23.1661,7820,78431543,2601,0,0,0
23.1762,7821,78441543,2541,0,0,0
23.1858,7822,78451543,2592,0,0,0
23.1960,7823,78461543,2544,0,0,0
23.2061,7824,78471543,2605,0,0,0
23.2158,7825,78481543,2544,0,0,0
23.2258,7826,78491543,2604,0,0,0
23.2359,7827,78501543,2550,0,0,0
23.2457,7828,78511542,2609,0,0,0
23.2557,7829,78521543,2539,0,0,0
23.2658,7830,78531543,2603,0,0,0
23.2757,7831,78541543,2542,0,0,0
23.2859,7832,78551543,2597,0,0,0
23.2958,7833,78561543,2544,0,0,0
23.3057,7834,78571543,2599,0,0,0
23.3157,7835,78581543,2554,0,0,0
23.3258,7836,78591543,2590,0,0,0
23.3358,7837,78601543,2559,0,0,0
23.3458,7838,78611543,2595,0,0,0
23.3560,7839,78621543,2559,0,0,0
23.3659,7840,78631543,2585,0,0,0
23.3758,7841,78641543,2559,0,0,0
23.3857,7842,78651543,2589,0,0,0
23.3958,7843,78661543,2559,0,0,0
23.4058,7844,78671543,2559,0,0,0
23.4158,7845,78681543,2591,0,0,0
23.4258,7846,78691543,2559,0,0,0
23.4358,7847,78701543,2559,0,0,0
23.4458,7848,78711543,2581,0,0,0
23.4557,7849,78721543,2555,0,0,0
23.4658,7850,78731543,2559,0,0,0
23.4758,7851,78741543,2559,0,0,0
23.4858,7852,78751543,2559,0,0,0
23.4958,7853,78761543,2559,0,0,0
23.5058,7854,78771543,2559,0,0,0
23.5157,7855,78781543,2559,0,0,0
23.5260,7856,78791543,2559,0,0,0
23.5358,7857,78801543,2559,0,0,0
23.5458,7858,78811543,2559,0,0,0
23.5558,7859,78821543,2559,0,0,0
23.5658,7860,78831543,2559,0,0,0
23.5760,7861,78841543,2559,0,0,0
23.5864,7862,78851543,2555,0,0,0
23.5965,7863,78861543,2582,0,0,0
23.6062,7864,78871543,2559,0,0,0
23.6161,7865,78881543,2559,0,0,0
23.6260,7866,78891543,2553,0,0,0
23.6357,7867,78901543,2589,0,0,0
23.6461,7868,78911543,2554,0,0,0
23.6559,7869,78921543,2594,0,0,0
23.6662,7870,78931542,2555,0,0,0
23.6759,7871,78941542,2585,0,0,0
23.6859,7872,78951543,2546,0,0,0
23.6959,7873,78961543,2597,0,0,0
23.7057,7874,78971543,2544,0,0,0
23.7158,7875,78981543,2602,0,0,0
23.7258,7876,78991543,2544,0,0,0
23.7361,7877,79001543,2610,0,0,0
23.7457,7878,79011542,2544,0,0,0
23.7561,7879,79021542,2614,0,0,0
23.7657,7880,79031543,2533,0,0,0
23.7760,7881,79041543,2621,0,0,0
23.7861,7882,79051543,2528,0,0,0
23.7958,7883,79061543,2623,0,0,0
23.8057,7884,79071543,2510,0,0,0
23.8159,7885,79081543,2631,0,0,0
23.8257,7886,79091543,2507,0,0,0
23.8362,7887,79101543,2631,0,0,0
23.8457,7888,79111543,2507,0,0,0
23.8558,7889,79121543,2642,0,0,0
23.8659,7890,79131543,2501,0,0,0
23.8757,7891,79141543,2662,0,0,0
23.8859,7892,79151543,2498,0,0,0
23.8958,7893,79161543,2657,0,0,0
23.9058,7894,79171543,2497,0,0,0
23.9160,7895,79181543,2662,0,0,0
23.9258,7896,79191542,2499,0,0,0
23.9357,7897,79201543,2669,0,0,0
23.9460,7898,79211543,2491,0,0,0
23.9562,7899,79221543,2674,0,0,0
23.9658,7900,79231543,2491,0,0,0
23.9760,7901,79241543,2672,0,0,0
23.9861,7902,79251543,2492,0,0,0
23.9959,7903,79261543,2675,0,0,0
24.0062,7904,79271543,2485,0,0,0
24.0161,7905,79281543,2674,0,0,0
24.0261,7906,79291543,2481,0,0,0
24.0358,7907,79301543,2679,0,0,0
24.0458,7908,79311543,2481,0,0,0
24.0562,7909,79321543,2686,0,0,0
24.0659,7910,79331543,2485,0,0,0
24.0758,7911,79341543,2682,0,0,0
24.0858,7912,79351542,2474,0,0,0
24.0960,7913,79361543,2693,0,0,0
24.1061,7914,79371542,2471,0,0,0
24.1161,7915,79381543,2702,0,0,0
24.1261,7916,79391542,2464,0,0,0
24.1358,7917,79401542,2685,0,0,0
24.1459,7918,79411543,2447,0,0,0
24.1562,7919,79421543,2687,0,0,0
24.1663,7920,79431543,2437,0,0,0
24.1757,7921,79441543,2703,0,0,0
24.1858,7922,79451543,2444,0,0,0
24.1958,7923,79461543,2723,0,0,0
24.2059,7924,79471543,2434,0,0,0
24.2159,7925,79481543,2739,0,0,0
24.2258,7926,79491543,2443,0,0,0
24.2357,7927,79501543,2745,0,0,0
24.2459,7928,79511543,2425,0,0,0
24.2558,7929,79521543,2743,0,0,0
24.2659,7930,79531543,2420,0,0,0
24.2762,7931,79541543,2768,0,0,0
24.2858,7932,79551543,2434,0,0,0
24.2960,7933,79561543,2766,0,0,0
24.3062,7934,79571543,2425,0,0,0
24.3158,7935,79581543,2771,0,0,0
24.3258,7936,79591543,2426,0,0,0
24.3358,7937,79601543,2777,0,0,0
24.3459,7938,79611543,2419,0,0,0
24.3558,7939,79621543,2799,0,0,0
24.3659,7940,79631542,2416,0,0,0
24.3759,7941,79641543,2795,0,0,0
24.3858,7942,79651543,2411,0,0,0
24.3958,7943,79661543,2802,0,0,0
24.4058,7944,79671543,2412,0,0,0
24.4158,7945,79681543,2804,0,0,0
24.4258,7946,79691543,2403,0,0,0
24.4358,7947,79701543,2817,0,0,0
24.4459,7948,79711542,2399,0,0,0
24.4558,7949,79721543,2821,0,0,0
24.4658,7950,79731543,2397,0,0,0
24.4766,7951,79741543,2831,0,0,0
24.4858,7952,79751543,2395,0,0,0
24.4958,7953,79761543,2831,0,0,0
24.5060,7954,79771543,2387,0,0,0
24.5158,7955,79781543,2843,0,0,0
24.5259,7956,79791543,2386,0,0,0
24.5358,7957,79801543,2845,0,0,0
24.5457,7958,79811543,2380,0,0,0
24.5560,7959,79821543,2841,0,0,0
24.5661,7960,79831543,2385,0,0,0
24.5761,7961,79841543,2849,0,0,0
24.5860,7962,79851543,2384,0,0,0
24.5958,7963,79861543,2848,0,0,0
24.6058,7964,79871543,2375,0,0,0
24.6158,7965,79881543,2849,0,0,0
24.6258,7966,79891542,2378,0,0,0
24.6358,7967,79901543,2853,0,0,0
24.6459,7968,79911543,2372,0,0,0
24.6561,7969,79921543,2847,0,0,0
24.6658,7970,79931543,2375,0,0,0
24.6758,7971,79941543,2838,0,0,0
24.6857,7972,79951542,2374,0,0,0
24.6957,7973,79961543,2849,0,0,0
24.7061,7974,79971542,2368,0,0,0
24.7158,7975,79981543,2858,0,0,0
24.7258,7976,79991543,2365,0,0,0
24.7362,7977,80001543,2864,0,0,0
24.7459,7978,80011543,2371,0,0,0
24.7561,7979,80021543,2863,0,0,0
24.7660,7980,80031543,2372,0,0,0
24.7758,7981,80041543,2862,0,0,0
24.7861,7982,80051542,2369,0,0,0
24.7962,7983,80061543,2853,0,0,0
24.8061,7984,80071543,2366,0,0,0
24.8158,7985,80081543,2864,0,0,0
24.8259,7986,80091543,2366,0,0,0
24.8357,7987,80101543,2863,0,0,0
24.8457,7988,80111543,2357,0,0,0
24.8557,7989,80121543,2865,0,0,0
24.8657,7990,80131543,2359,0,0,0
24.8759,7991,80141543,2866,0,0,0
24.8860,7992,80151542,2359,0,0,0
24.8958,7993,80161543,2864,0,0,0
24.9058,7994,80171543,2363,0,0,0
24.9158,7995,80181543,2865,0,0,0
24.9258,7996,80191542,2353,0,0,0
24.9358,7997,80201542,2875,0,0,0
24.9458,7998,80211543,2352,0,0,0
24.9558,7999,80221543,2871,0,0,0
24.9658,8000,80231542,2347,0,0,0
24.9759,8001,80241543,2882,0,0,0
24.9859,8002,80251543,2358,0,0,0
24.9958,8003,80261543,2878,0,0,0
25.0059,8004,80271543,2351,0,0,0
25.0161,8005,80281543,2882,0,0,0
25.0259,8006,80291543,2352,0,0,0
25.0359,8007,80301543,2879,0,0,0
25.0460,8008,80311543,2351,0,0,0
25.0562,8009,80321543,2878,0,0,0
25.0658,8010,80331543,2351,0,0,0
25.0761,8011,80341543,2885,0,0,0
25.0859,8012,80351543,2347,0,0,0
25.0962,8013,80361543,2883,0,0,0
25.1058,8014,80371543,2340,0,0,0
25.1160,8015,80381543,2887,0,0,0
25.1258,8016,80391542,2342,0,0,0
25.1358,8017,80401543,2890,0,0,0
25.1458,8018,80411543,2345,0,0,0
25.1558,8019,80421543,2897,0,0,0
25.1658,8020,80431542,2338,0,0,0
25.1758,8021,80441543,2899,0,0,0
25.1857,8022,80451542,2334,0,0,0
25.1958,8023,80461542,2909,0,0,0
25.2058,8024,80471543,2335,0,0,0
25.2160,8025,80481543,2898,0,0,0
25.2258,8026,80491543,2334,0,0,0
25.2359,8027,80501543,2899,0,0,0
25.2457,8028,80511542,2331,0,0,0
25.2557,8029,80521542,2909,0,0,0
25.2658,8030,80531543,2330,0,0,0
25.2759,8031,80541543,2905,0,0,0
25.2858,8032,80551543,2327,0,0,0
25.2959,8033,80561543,2905,0,0,0
25.3058,8034,80571543,2325,0,0,0
25.3158,8035,80581543,2909,0,0,0
25.3259,8036,80591542,2323,0,0,0
25.3359,8037,80601543,2915,0,0,0
25.3461,8038,80611543,2330,0,0,0
25.3559,8039,80621543,2911,0,0,0
25.3660,8040,80631543,2327,0,0,0
25.3759,8041,80641543,2916,0,0,0
25.3857,8042,80651542,2325,0,0,0
25.3957,8043,80661543,2921,0,0,0
25.4058,8044,80671542,2317,0,0,0
25.4159,8045,80681543,2929,0,0,0
25.4258,8046,80691543,2319,0,0,0
25.4358,8047,80701543,2926,0,0,0
25.4459,8048,80711543,2311,0,0,0
25.4558,8049,80721543,2928,0,0,0
25.4660,8050,80731543,2320,0,0,0
25.4758,8051,80741543,2928,0,0,0
25.4863,8052,80751542,2317,0,0,0
25.4960,8053,80761543,2927,0,0,0
25.5058,8054,80771543,2313,0,0,0
25.5158,8055,80781543,2923,0,0,0
25.5259,8056,80791542,2309,0,0,0
25.5358,8057,80801542,2922,0,0,0
25.5461,8058,80811543,2302,0,0,0
25.5559,8059,80821543,2924,0,0,0
25.5659,8060,80831543,2305,0,0,0
25.5760,8061,80841543,2943,0,0,0
25.5859,8062,80851543,2301,0,0,0
25.5958,8063,80861543,2931,0,0,0
25.6059,8064,80871543,2292,0,0,0
25.6159,8065,80881543,2946,0,0,0
25.6258,8066,80891543,2295,0,0,0
25.6358,8067,80901543,2953,0,0,0
25.6458,8068,80911542,2297,0,0,0
25.6558,8069,80921543,2947,0,0,0
25.6658,8070,80931543,2288,0,0,0
25.6759,8071,80941543,2957,0,0,0
25.6858,8072,80951542,2288,0,0,0
25.6958,8073,80961543,2959,0,0,0
25.7060,8074,80971543,2285,0,0,0
25.7160,8075,80981543,2960,0,0,0
25.7258,8076,80991543,2288,0,0,0
25.7359,8077,81001543,2960,0,0,0
25.7461,8078,81011543,2283,0,0,0
25.7558,8079,81021543,2974,0,0,0
25.7658,8080,81031543,2288,0,0,0
25.7758,8081,81041543,2960,0,0,0
25.7858,8082,81051543,2289,0,0,0
25.7959,8083,81061543,2972,0,0,0
25.8058,8084,81071543,2282,0,0,0
25.8158,8085,81081543,2960,0,0,0
25.8259,8086,81091543,2281,0,0,0
25.8357,8087,81101543,2980,0,0,0
25.8459,8088,81111542,2285,0,0,0
25.8559,8089,81121543,2977,0,0,0
25.8659,8090,81131543,2277,0,0,0
25.8759,8091,81141543,2973,0,0,0
25.8859,8092,81151543,2275,0,0,0
25.8958,8093,81161543,2981,0,0,0
25.9057,8094,81171542,2271,0,0,0
25.9157,8095,81181543,2970,0,0,0
25.9258,8096,81191543,2275,0,0,0
25.9358,8097,81201543,2971,0,0,0
25.9460,8098,81211543,2278,0,0,0
25.9559,8099,81221543,2970,0,0,0
25.9658,8100,81231542,2273,0,0,0
25.9764,8101,81241542,2960,0,0,0
25.9859,8102,81251543,2277,0,0,0
25.9957,8103,81261543,2976,0,0,0
26.0059,8104,81271543,2272,0,0,0
26.0161,8105,81281543,2971,0,0,0
26.0261,8106,81291542,2283,0,0,0
26.0358,8107,81301543,2992,0,0,0
26.0457,8108,81311543,2283,0,0,0
26.0558,8109,81321543,2987,0,0,0
26.0658,8110,81331542,2279,0,0,0
26.0758,8111,81341543,2981,0,0,0
26.0858,8112,81351542,2279,0,0,0
26.0959,8113,81361543,2987,0,0,0
26.1058,8114,81371543,2283,0,0,0
26.1157,8115,81381543,2986,0,0,0
26.1258,8116,81391543,2269,0,0,0
26.1357,8117,81401543,2973,0,0,0
26.1458,8118,81411543,2269,0,0,0
26.1559,8119,81421543,2977,0,0,0
26.1659,8120,81431543,2267,0,0,0
26.1757,8121,81441543,2970,0,0,0
26.1861,8122,81451543,2267,0,0,0
26.1960,8123,81461543,2971,0,0,0
26.2059,8124,81471543,2269,0,0,0
26.2161,8125,81481543,2963,0,0,0
26.2261,8126,81491543,2265,0,0,0
26.2357,8127,81501543,2965,0,0,0
26.2458,8128,81511542,2256,0,0,0
26.2558,8129,81521543,2971,0,0,0
26.2658,8130,81531543,2257,0,0,0
26.2758,8131,81541543,2974,0,0,0
26.2857,8132,81551542,2255,0,0,0
26.2957,8133,81561543,2976,0,0,0
26.3059,8134,81571542,2257,0,0,0
26.3158,8135,81581542,2971,0,0,0
26.3258,8136,81591543,2259,0,0,0
26.3359,8137,81601543,2960,0,0,0
26.3458,8138,81611543,2256,0,0,0
26.3557,8139,81621543,2961,0,0,0
26.3657,8140,81631543,2256,0,0,0
26.3757,8141,81641543,2973,0,0,0
26.3858,8142,81651543,2265,0,0,0
26.3959,8143,81661543,2965,0,0,0
26.4059,8144,81671543,2256,0,0,0
26.4159,8145,81681543,2961,0,0,0
26.4265,8146,81691542,2263,0,0,0
26.4365,8147,81701543,2954,0,0,0
26.4461,8148,81711543,2263,0,0,0
26.4560,8149,81721543,2947,0,0,0
26.4658,8150,81731543,2256,0,0,0
26.4759,8151,81741543,2960,0,0,0
26.4860,8152,81751543,2253,0,0,0
26.4958,8153,81761543,2960,0,0,0
26.5059,8154,81771543,2254,0,0,0
26.5159,8155,81781543,2960,0,0,0
26.5258,8156,81791543,2250,0,0,0
26.5357,8157,81801543,2951,0,0,0
26.5461,8158,81811543,2255,0,0,0
26.5561,8159,81821543,2945,0,0,0
26.5657,8160,81831543,2256,0,0,0
26.5758,8161,81841543,2947,0,0,0
26.5864,8162,81851543,2256,0,0,0
26.5965,8163,81861543,2960,0,0,0
26.6070,8164,81871543,2262,0,0,0
26.6164,8165,81881543,2963,0,0,0
26.6262,8166,81891542,2266,0,0,0
26.6365,8167,81901542,2959,0,0,0
26.6465,8168,81911543,2259,0,0,0
26.6561,8169,81921543,2939,0,0,0
26.6669,8170,81931543,2277,0,0,0
26.6762,8171,81941543,2957,0,0,0
26.6875,8172,81951542,2272,0,0,0
26.6968,8173,81961543,2957,0,0,0
26.7063,8174,81971543,2261,0,0,0
26.7169,8175,81981543,2960,0,0,0
26.7263,8176,81991542,2265,0,0,0
26.7368,8177,82001543,2949,0,0,0
26.7469,8178,82011543,2256,0,0,0
26.7566,8179,82021543,2950,0,0,0
26.7661,8180,82031543,2255,0,0,0
26.7765,8181,82041543,2948,0,0,0
26.7861,8182,82051542,2262,0,0,0
26.7966,8183,82061542,2954,0,0,0
26.8067,8184,82071543,2254,0,0,0
26.8167,8185,82081543,2942,0,0,0
26.8262,8186,82091543,2255,0,0,0
26.8365,8187,82101543,2958,0,0,0
26.8461,8188,82111543,2249,0,0,0
26.8563,8189,82121543,2942,0,0,0
26.8671,8190,82131543,2261,0,0,0
26.8768,8191,82141543,2953,0,0,0
26.8863,8192,82151543,2257,0,0,0
26.8967,8193,82161543,2925,0,0,0
26.9062,8194,82171542,2255,0,0,0
26.9166,8195,82181543,2949,0,0,0
26.9274,8196,82191543,2249,0,0,0
26.9369,8197,82201543,2945,0,0,0
26.9463,8198,82211543,2248,0,0,0
26.9567,8199,82221543,2938,0,0,0
26.9662,8200,82231543,2245,0,0,0
26.9765,8201,82241543,2944,0,0,0
26.9868,8202,82251543,2243,0,0,0
26.9961,8203,82261543,2939,0,0,0
27.0062,8204,82271543,2243,0,0,0
27.0163,8205,82281543,2933,0,0,0
27.0260,8206,82291543,2250,0,0,0
27.0369,8207,82301543,2938,0,0,0
27.0462,8208,82311542,2243,0,0,0
27.0564,8209,82321543,2942,0,0,0
27.0670,8210,82331543,2241,0,0,0
27.0765,8211,82341543,2931,0,0,0
27.0864,8212,82351543,2240,0,0,0
27.0968,8213,82361543,2930,0,0,0
27.1062,8214,82371543,2244,0,0,0
27.1164,8215,82381543,2934,0,0,0
27.1268,8216,82391543,2247,0,0,0
27.1364,8217,82401543,2926,0,0,0
27.1468,8218,82411543,2239,0,0,0
27.1563,8219,82421543,2934,0,0,0
27.1668,8220,82431543,2235,0,0,0
27.1768,8221,82441543,2929,0,0,0
27.1863,8222,82451543,2231,0,0,0
27.1961,8223,82461543,2936,0,0,0
27.2064,8224,82471543,2234,0,0,0
27.2163,8225,82481543,2933,0,0,0
27.2269,8226,82491542,2240,0,0,0
27.2365,8227,82501543,2910,0,0,0
27.2464,8228,82511542,2244,0,0,0
27.2565,8229,82521543,2926,0,0,0
27.2661,8230,82531543,2241,0,0,0
27.2764,8231,82541543,2923,0,0,0
27.2873,8232,82551543,2235,0,0,0
27.2968,8233,82561543,2914,0,0,0
27.3063,8234,82571542,2250,0,0,0
27.3164,8235,82581543,2913,0,0,0
27.3268,8236,82591543,2243,0,0,0
27.3377,8237,82601543,2915,0,0,0
27.3461,8238,82611543,2245,0,0,0
27.3561,8239,82621543,2901,0,0,0
27.3673,8240,82631542,2235,0,0,0
27.3772,8241,82641543,2918,0,0,0
27.3863,8242,82651543,2236,0,0,0
27.3965,8243,82661543,2910,0,0,0
27.4066,8244,82671542,2237,0,0,0
27.4165,8245,82681542,2907,0,0,0
27.4271,8246,82691543,2224,0,0,0
27.4374,8247,82701543,2903,0,0,0
27.4464,8248,82711543,2237,0,0,0
27.4564,8249,82721543,2906,0,0,0
27.4661,8250,82731543,2252,0,0,0
27.4767,8251,82741543,2898,0,0,0
27.4863,8252,82751543,2242,0,0,0
27.4960,8253,82761543,2897,0,0,0
27.5065,8254,82771543,2241,0,0,0
27.5161,8255,82781543,2894,0,0,0
27.5266,8256,82791543,2250,0,0,0
27.5372,8257,82801543,2880,0,0,0
27.5465,8258,82811542,2255,0,0,0
27.5564,8259,82821543,2883,0,0,0
27.5665,8260,82831543,2253,0,0,0
27.5767,8261,82841543,2882,0,0,0
27.5868,8262,82851542,2243,0,0,0
27.5963,8263,82861543,2879,0,0,0
27.6063,8264,82871543,2241,0,0,0
27.6167,8265,82881543,2875,0,0,0
27.6260,8266,82891543,2247,0,0,0
27.6369,8267,82901543,2865,0,0,0
27.6472,8268,82911543,2245,0,0,0
27.6562,8269,82921543,2860,0,0,0
27.6664,8270,82931543,2247,0,0,0
27.6761,8271,82941543,2849,0,0,0
27.6875,8272,82951542,2255,0,0,0
27.6963,8273,82961543,2847,0,0,0
27.7061,8274,82971543,2255,0,0,0
27.7164,8275,82981543,2840,0,0,0
27.7265,8276,82991543,2243,0,0,0
27.7370,8277,83001543,2845,0,0,0
27.7469,8278,83011542,2254,0,0,0
27.7565,8279,83021543,2832,0,0,0
27.7667,8280,83031543,2256,0,0,0
27.7764,8281,83041543,2821,0,0,0
27.7865,8282,83051542,2256,0,0,0
27.7962,8283,83061543,2835,0,0,0
27.8065,8284,83071543,2256,0,0,0
27.8172,8285,83081543,2837,0,0,0
27.8263,8286,83091543,2247,0,0,0
27.8363,8287,83101543,2821,0,0,0
27.8467,8288,83111543,2256,0,0,0
27.8563,8289,83121543,2830,0,0,0
27.8665,8290,83131542,2245,0,0,0
27.8761,8291,83141543,2828,0,0,0
27.8882,8292,83151542,2251,0,0,0
27.8963,8293,83161543,2822,0,0,0
27.9065,8294,83171543,2244,0,0,0
27.9164,8295,83181543,2811,0,0,0
27.9272,8296,83191543,2257,0,0,0
27.9371,8297,83201543,2818,0,0,0
27.9461,8298,83211542,2256,0,0,0
27.9563,8299,83221542,2807,0,0,0
27.9668,8300,83231543,2269,0,0,0
27.9763,8301,83241543,2787,0,0,0
27.9875,8302,83251542,2267,0,0,0
27.9963,8303,83261542,2798,0,0,0
28.0063,8304,83271543,2263,0,0,0
28.0166,8305,83281543,2789,0,0,0
28.0263,8306,83291542,2262,0,0,0
28.0363,8307,83301543,2798,0,0,0
28.0467,8308,83311542,2257,0,0,0
28.0563,8309,83321542,2795,0,0,0
28.0669,8310,83331543,2258,0,0,0
28.0762,8311,83341543,2786,0,0,0
28.0872,8312,83351543,2261,0,0,0
28.0964,8313,83361543,2797,0,0,0
28.1063,8314,83371543,2273,0,0,0
28.1165,8315,83381543,2786,0,0,0
28.1269,8316,83391542,2267,0,0,0
28.1365,8317,83401542,2786,0,0,0
28.1467,8318,83411543,2272,0,0,0
28.1565,8319,83421543,2786,0,0,0
28.1668,8320,83431543,2283,0,0,0
28.1766,8321,83441543,2769,0,0,0
28.1871,8322,83451543,2278,0,0,0
28.1968,8323,83461543,2768,0,0,0
28.2067,8324,83471542,2285,0,0,0
28.2161,8325,83481543,2768,0,0,0
28.2263,8326,83491543,2283,0,0,0
28.2371,8327,83501543,2769,0,0,0
28.2461,8328,83511543,2281,0,0,0
28.2565,8329,83521543,2780,0,0,0
28.2666,8330,83531543,2276,0,0,0
28.2767,8331,83541543,2775,0,0,0
28.2861,8332,83551543,2279,0,0,0
28.2961,8333,83561543,2771,0,0,0
28.3062,8334,83571543,2284,0,0,0
28.3164,8335,83581543,2773,0,0,0
28.3268,8336,83591543,2303,0,0,0
28.3368,8337,83601543,2766,0,0,0
28.3468,8338,83611543,2294,0,0,0
28.3568,8339,83621543,2762,0,0,0
28.3660,8340,83631543,2309,0,0,0
28.3760,8341,83641543,2767,0,0,0
28.3859,8342,83651543,2321,0,0,0
28.3960,8343,83661543,2767,0,0,0
28.4059,8344,83671542,2339,0,0,0
28.4158,8345,83681543,2765,0,0,0
28.4258,8346,83691543,2349,0,0,0
28.4359,8347,83701543,2750,0,0,0
28.4458,8348,83711542,2346,0,0,0
28.4562,8349,83721542,2750,0,0,0
28.4666,8350,83731543,2337,0,0,0
28.4764,8351,83741543,2749,0,0,0
28.4860,8352,83751543,2334,0,0,0
28.4972,8353,83761543,2754,0,0,0
28.5065,8354,83771542,2343,0,0,0
28.5168,8355,83781543,2749,0,0,0
28.5268,8356,83791543,2343,0,0,0
28.5369,8357,83801543,2768,0,0,0
28.5465,8358,83811542,2346,0,0,0
28.5560,8359,83821542,2751,0,0,0
28.5663,8360,83831543,2349,0,0,0
28.5766,8361,83841543,2752,0,0,0
28.5865,8362,83851542,2335,0,0,0
28.5965,8363,83861543,2750,0,0,0
28.6059,8364,83871543,2341,0,0,0
28.6159,8365,83881543,2754,0,0,0
28.6259,8366,83891543,2353,0,0,0
28.6357,8367,83901543,2733,0,0,0
28.6458,8368,83911543,2339,0,0,0
28.6559,8369,83921543,2725,0,0,0
28.6658,8370,83931542,2339,0,0,0
28.6769,8371,83941543,2736,0,0,0
28.6871,8372,83951542,2352,0,0,0
28.6962,8373,83961543,2722,0,0,0
28.7062,8374,83971543,2331,0,0,0
28.7164,8375,83981543,2736,0,0,0
28.7263,8376,83991543,2352,0,0,0
28.7360,8377,84001543,2723,0,0,0
28.7467,8378,84011543,2340,0,0,0
28.7561,8379,84021543,2741,0,0,0
28.7663,8380,84031543,2350,0,0,0
28.7760,8381,84041543,2730,0,0,0
28.7860,8382,84051542,2352,0,0,0
28.7962,8383,84061543,2727,0,0,0
28.8060,8384,84071543,2355,0,0,0
28.8159,8385,84081543,2736,0,0,0
28.8264,8386,84091542,2350,0,0,0
28.8363,8387,84101542,2744,0,0,0
28.8461,8388,84111543,2369,0,0,0
28.8563,8389,84121543,2738,0,0,0
28.8660,8390,84131543,2379,0,0,0
28.8760,8391,84141543,2750,0,0,0
28.8868,8392,84151543,2383,0,0,0
28.8967,8393,84161543,2742,0,0,0
28.9061,8394,84171543,2378,0,0,0
28.9167,8395,84181543,2753,0,0,0
28.9267,8396,84191543,2375,0,0,0
28.9368,8397,84201543,2747,0,0,0
28.9463,8398,84211542,2377,0,0,0
28.9562,8399,84221543,2753,0,0,0
28.9666,8400,84231542,2384,0,0,0
28.9769,8401,84241542,2740,0,0,0
28.9869,8402,84251543,2377,0,0,0
28.9967,8403,84261543,2743,0,0,0
29.0065,8404,84271543,2386,0,0,0
29.0165,8405,84281543,2737,0,0,0
29.0264,8406,84291542,2383,0,0,0
29.0370,8407,84301543,2747,0,0,0
29.0468,8408,84311543,2385,0,0,0
29.0562,8409,84321543,2736,0,0,0
29.0670,8410,84331543,2383,0,0,0
29.0762,8411,84341543,2736,0,0,0
29.0869,8412,84351543,2384,0,0,0
29.0965,8413,84361543,2736,0,0,0
29.1062,8414,84371542,2384,0,0,0
29.1165,8415,84381543,2736,0,0,0
29.1268,8416,84391543,2387,0,0,0
29.1366,8417,84401543,2735,0,0,0
29.1466,8418,84411543,2394,0,0,0
29.1563,8419,84421543,2742,0,0,0
29.1670,8420,84431543,2389,0,0,0
29.1762,8421,84441543,2739,0,0,0
29.1870,8422,84451542,2393,0,0,0
29.1969,8423,84461543,2734,0,0,0
29.2064,8424,84471542,2395,0,0,0
29.2170,8425,84481543,2726,0,0,0
29.2262,8426,84491542,2400,0,0,0
29.2367,8427,84501543,2735,0,0,0
29.2465,8428,84511543,2414,0,0,0
29.2562,8429,84521543,2729,0,0,0
29.2667,8430,84531542,2422,0,0,0
29.2763,8431,84541543,2709,0,0,0
29.2866,8432,84551543,2428,0,0,0
29.2966,8433,84561543,2709,0,0,0
29.3063,8434,84571542,2419,0,0,0
29.3167,8435,84581542,2703,0,0,0
29.3267,8436,84591543,2416,0,0,0
29.3365,8437,84601543,2700,0,0,0
29.3467,8438,84611543,2430,0,0,0
29.3561,8439,84621543,2693,0,0,0
29.3670,8440,84631543,2431,0,0,0
29.3769,8441,84641543,2694,0,0,0
29.3860,8442,84651543,2433,0,0,0
29.3963,8443,84661543,2701,0,0,0
29.4060,8444,84671543,2441,0,0,0
29.4161,8445,84681543,2695,0,0,0
29.4264,8446,84691542,2433,0,0,0
29.4370,8447,84701543,2691,0,0,0
29.4461,8448,84711542,2439,0,0,0
29.4558,8449,84721543,2691,0,0,0
29.4662,8450,84731543,2442,0,0,0
29.4760,8451,84741543,2689,0,0,0
29.4862,8452,84751543,2448,0,0,0
29.4960,8453,84761543,2689,0,0,0
29.5061,8454,84771542,2454,0,0,0
29.5166,8455,84781543,2687,0,0,0
29.5265,8456,84791543,2455,0,0,0
29.5371,8457,84801543,2685,0,0,0
29.5463,8458,84811543,2450,0,0,0
29.5565,8459,84821543,2685,0,0,0
29.5669,8460,84831542,2450,0,0,0
29.5769,8461,84841543,2682,0,0,0
29.5866,8462,84851543,2453,0,0,0
29.5971,8463,84861543,2679,0,0,0
29.6063,8464,84871543,2466,0,0,0
29.6165,8465,84881543,2684,0,0,0
29.6265,8466,84891543,2465,0,0,0
29.6373,8467,84901543,2674,0,0,0
29.6468,8468,84911543,2469,0,0,0
29.6562,8469,84921543,2691,0,0,0
29.6670,8470,84931543,2459,0,0,0
29.6762,8471,84941543,2677,0,0,0
29.6870,8472,84951543,2467,0,0,0
29.6962,8473,84961543,2678,0,0,0
29.7064,8474,84971542,2469,0,0,0
29.7163,8475,84981543,2655,0,0,0
29.7270,8476,84991542,2469,0,0,0
29.7368,8477,85001543,2666,0,0,0
29.7463,8478,85011543,2475,0,0,0
29.7563,8479,85021543,2662,0,0,0
29.7665,8480,85031543,2474,0,0,0
29.7766,8481,85041543,2671,0,0,0
29.7865,8482,85051542,2473,0,0,0
29.7963,8483,85061543,2662,0,0,0
29.8066,8484,85071543,2480,0,0,0
29.8166,8485,85081543,2675,0,0,0
29.8264,8486,85091543,2480,0,0,0
29.8366,8487,85101543,2665,0,0,0
29.8468,8488,85111542,2483,0,0,0
29.8564,8489,85121543,2668,0,0,0
29.8662,8490,85131543,2492,0,0,0
29.8763,8491,85141543,2655,0,0,0
29.8868,8492,85151542,2495,0,0,0
29.8961,8493,85161542,2663,0,0,0
29.9060,8494,85171543,2496,0,0,0
29.9170,8495,85181543,2663,0,0,0
29.9269,8496,85191543,2497,0,0,0
29.9381,8497,85201543,2656,0,0,0
29.9462,8498,85211543,2498,0,0,0
29.9563,8499,85221543,2662,0,0,0
29.9668,8500,85231543,2493,0,0,0
29.9769,8501,85241543,2650,0,0,0
29.9870,8502,85251543,2498,0,0,0
29.9970,8503,85261543,2653,0,0,0
30.0089,8504,85271543,2503,0,0,0
30.0234,8505,85281543,2655,0,0,0
30.0260,8506,85291542,2495,0,0,0
30.0360,8507,85301543,2653,0,0,0
30.0457,8508,85311543,2503,0,0,0
30.0559,8509,85321543,2653,0,0,0
30.0659,8510,85331542,2503,0,0,0
30.0760,8511,85341542,2656,0,0,0
30.0860,8512,85351543,2506,0,0,0
30.0959,8513,85361543,2655,0,0,0
30.1062,8514,85371543,2511,0,0,0
30.1158,8515,85381543,2650,0,0,0
30.1261,8516,85391542,2508,0,0,0
30.1366,8517,85401542,2635,0,0,0
30.1540,8518,85411543,2501,0,0,0
30.1558,8519,85421543,2635,0,0,0
30.1665,8520,85431543,2503,0,0,0
30.1758,8521,85441543,2633,0,0,0
30.1858,8522,85451543,2507,0,0,0
30.1958,8523,85461543,2629,0,0,0
30.2058,8524,85471542,2506,0,0,0
30.2161,8525,85481543,2630,0,0,0
30.2262,8526,85491543,2503,0,0,0
30.2363,8527,85501543,2629,0,0,0
30.2457,8528,85511543,2500,0,0,0
30.2558,8529,85521543,2630,0,0,0
30.2662,8530,85531543,2503,0,0,0
30.2781,8531,85541543,2629,0,0,0
30.2863,8532,85551543,2509,0,0,0
30.2957,8533,85561543,2628,0,0,0
30.3058,8534,85571543,2507,0,0,0
30.3160,8535,85581543,2626,0,0,0
30.3258,8536,85591543,2509,0,0,0
30.3359,8537,85601543,2623,0,0,0
30.3459,8538,85611543,2507,0,0,0
30.3560,8539,85621543,2621,0,0,0
30.3665,8540,85631543,2511,0,0,0
30.3769,8541,85641543,2617,0,0,0
30.3867,8542,85651542,2513,0,0,0
30.3968,8543,85661543,2624,0,0,0
30.4062,8544,85671543,2514,0,0,0
30.4160,8545,85681543,2623,0,0,0
30.4270,8546,85691543,2517,0,0,0
30.4371,8547,85701543,2615,0,0,0
30.4467,8548,85711543,2526,0,0,0
30.4566,8549,85721543,2623,0,0,0
30.4666,8550,85731542,2518,0,0,0
30.4766,8551,85741543,2619,0,0,0
30.4872,8552,85751543,2515,0,0,0
30.4971,8553,85761543,2619,0,0,0
30.5065,8554,85771542,2510,0,0,0
30.5162,8555,85781543,2612,0,0,0
